vendor_code,item_number,vendor_part_number,price
NIPRO,CMP-1000,NIP-38618,5.36
MINNES,CMP-1001,MIN-50133,35.14
INTERF,CMP-1001,INT-38431,19.21
APPLER,CMP-1001,APP-99359,16.15
VESTA,CMP-1001,VES-68004,18.54
SAINTG,CMP-1002,SAI-18093,39.81
NEWAGE,CMP-1002,NEW-84656,2.71
SMITHS,CMP-1003,SMI-84614,15.13
FREUDE,CMP-1003,FRE-27314,15.51
LUBRIZ,CMP-1003,LUB-58074,11.77
VENTIO,CMP-1003,VEN-48605,31.65
TRELLE,CMP-1003,TRE-38820,3.80
TELEFL,CMP-1004,TEL-12691,13.13
CARDIN,CMP-1004,CAR-99121,17.71
MEDLIN,CMP-1004,MED-27334,14.89
TEKNIP,CMP-1004,TEK-34448,18.84
MINNES,CMP-1004,MIN-11463,29.71
NIPRO,CMP-1005,NIP-41046,26.47
MINNES,CMP-1006,MIN-14559,21.59
TEKNIP,CMP-1006,TEK-87172,3.99
APPLER,CMP-1006,APP-13885,30.12
VESTA,CMP-1007,VES-27098,5.14
TEKNIP,CMP-1007,TEK-17206,14.03
BBRAUN,CMP-1007,BBR-89885,40.04
FREUDE,CMP-1007,FRE-59298,13.81
MICROL,CMP-1008,MIC-66805,37.16
TRELLE,CMP-1008,TRE-11718,36.90
BOYDCO,CMP-1009,BOY-83314,38.08
FREUDE,CMP-1009,FRE-60403,15.09
SPECTR,CMP-1009,SPE-62693,34.69
TEKNIP,CMP-1010,TEK-79918,28.71
MARIAN,CMP-1010,MAR-49022,34.52
NIPRO,CMP-1010,NIP-80037,12.32
DUKEEX,CMP-1010,DUK-24296,10.78
TELEFL,CMP-1011,TEL-80113,7.28
PUTNAM,CMP-1011,PUT-26136,13.84
APPLER,CMP-1011,APP-49583,6.08
FREUDE,CMP-1011,FRE-19899,37.59
VESTA,CMP-1011,VES-33106,14.85
SPECTR,CMP-1012,SPE-90609,1.84
MINNES,CMP-1013,MIN-47667,32.02
TRELLE,CMP-1014,TRE-15036,17.04
MICROL,CMP-1014,MIC-70264,28.67
LUBRIZ,CMP-1015,LUB-10650,26.75
POLYZE,CMP-1016,POL-54327,24.69
SPECTR,CMP-1016,SPE-35325,22.74
TELEFL,CMP-1016,TEL-54517,27.66
FREUDE,CMP-1016,FRE-27368,22.37
VESTA,CMP-1016,VES-20252,2.99
FREUDE,CMP-1017,FRE-14459,37.98
QOSINA,CMP-1017,QOS-48583,25.01
POLYZE,CMP-1017,POL-18728,12.48
SAINTG,CMP-1018,SAI-76363,36.23
SPECTR,CMP-1019,SPE-96844,21.63
SAINTG,CMP-1019,SAI-18379,25.62
TELEFL,CMP-1019,TEL-98864,20.32
TRELLE,CMP-1019,TRE-89430,31.38
INTERF,CMP-1020,INT-67097,29.18
ZEUS,CMP-1020,ZEU-27810,39.27
MICROL,CMP-1020,MIC-73659,3.11
VESTA,CMP-1020,VES-12669,7.47
NEWAGE,CMP-1020,NEW-45459,11.90
MICROL,CMP-1021,MIC-87910,12.38
NORDSO,CMP-1021,NOR-93022,2.98
MEDLIN,CMP-1021,MED-19334,10.16
MARIAN,CMP-1021,MAR-87561,12.05
INTERF,CMP-1021,INT-28470,38.40
POLYZE,CMP-1022,POL-85212,4.74
TELEFL,CMP-1022,TEL-17425,28.58
RAUMED,CMP-1022,RAU-88032,32.98
MICROL,CMP-1023,MIC-80980,15.06
FREUDE,CMP-1024,FRE-20303,8.99
POLYZE,CMP-1024,POL-58945,33.19
TRELLE,CMP-1024,TRE-72999,11.49
RAUMED,CMP-1024,RAU-82593,13.92
CARDIN,CMP-1024,CAR-40166,4.77
APPLER,CMP-1025,APP-88841,38.82
DUKEEX,CMP-1025,DUK-36954,31.68
AVANTO,CMP-1025,AVA-32138,32.57
SMITHS,CMP-1025,SMI-24022,12.94
SAINTG,CMP-1025,SAI-10490,6.67
CARDIN,CMP-1026,CAR-47236,36.05
TRELLE,CMP-1026,TRE-19400,11.82
MINNES,CMP-1026,MIN-84931,11.45
PARKER,CMP-1026,PAR-55184,34.42
PARKER,CMP-1027,PAR-56750,36.41
TRELLE,CMP-1027,TRE-68271,17.31
LUBRIZ,CMP-1028,LUB-13490,13.88
VESTA,CMP-1028,VES-98254,2.49
SAINTG,CMP-1028,SAI-91726,15.46
PUTNAM,CMP-1029,PUT-79602,6.50
DUKEEX,CMP-1029,DUK-81432,22.75
FREUDE,CMP-1029,FRE-46408,18.53
MEDLIN,CMP-1029,MED-28031,28.79
CARDIN,CMP-1029,CAR-36968,36.50
SMITHS,CMP-1030,SMI-32139,13.67
BBRAUN,CMP-1031,BBR-72106,37.75
RAUMED,CMP-1032,RAU-85963,32.90
TEKNIP,CMP-1032,TEK-12176,26.93
MARIAN,CMP-1032,MAR-47008,12.07
NORDSO,CMP-1032,NOR-22139,7.70
ZEUS,CMP-1033,ZEU-28799,25.43
MARIAN,CMP-1033,MAR-41149,21.90
AVANTO,CMP-1033,AVA-81204,26.00
RAUMED,CMP-1033,RAU-51068,12.81
TRELLE,CMP-1033,TRE-35983,2.92
FREUDE,CMP-1034,FRE-74924,31.43
SMITHS,CMP-1034,SMI-81156,6.14
POLYZE,CMP-1035,POL-79603,28.13
NEWAGE,CMP-1035,NEW-83099,30.71
AVANTO,CMP-1035,AVA-11687,40.30
TEKNIP,CMP-1035,TEK-96286,31.25
NEWAGE,CMP-1036,NEW-46249,29.13
VESTA,CMP-1036,VES-85530,11.12
MINNES,CMP-1037,MIN-74095,3.08
SPECTR,CMP-1038,SPE-88336,8.35
NIPRO,CMP-1038,NIP-96249,13.92
TEKNIP,CMP-1038,TEK-60299,30.71
POLYZE,CMP-1039,POL-69830,18.09
SPECTR,CMP-1039,SPE-99856,32.01
CARDIN,CMP-1040,CAR-67481,3.24
QOSINA,CMP-1040,QOS-32515,18.29
NEWAGE,CMP-1041,NEW-17007,23.08
BBRAUN,CMP-1041,BBR-31326,34.93
SPECTR,CMP-1041,SPE-28777,28.62
SPECTR,CMP-1042,SPE-41394,11.70
MARIAN,CMP-1042,MAR-90544,36.15
BBRAUN,CMP-1042,BBR-35693,26.34
TEKNIP,CMP-1042,TEK-61840,7.79
ZEUS,CMP-1043,ZEU-23970,17.09
AVANTO,CMP-1043,AVA-50853,31.73
SAINTG,CMP-1043,SAI-57229,10.63
TELEFL,CMP-1043,TEL-39953,19.87
CARDIN,CMP-1044,CAR-64370,4.21
SMITHS,CMP-1044,SMI-19703,20.08
VENTIO,CMP-1044,VEN-87898,40.83
PUTNAM,CMP-1044,PUT-97040,24.29
TRELLE,CMP-1045,TRE-37624,18.43
LUBRIZ,CMP-1045,LUB-85842,15.47
CARDIN,CMP-1046,CAR-63359,14.52
MEDLIN,CMP-1046,MED-96308,24.76
FREUDE,CMP-1046,FRE-83532,10.79
VESTA,CMP-1047,VES-43109,19.39
DUKEEX,CMP-1047,DUK-63084,29.31
BOYDCO,CMP-1047,BOY-88223,33.28
TELEFL,CMP-1047,TEL-12944,8.28
VENTIO,CMP-1047,VEN-56739,35.95
INTERF,CMP-1048,INT-13932,1.63
MARIAN,CMP-1048,MAR-21888,25.93
MICROL,CMP-1048,MIC-88549,4.39
APPLER,CMP-1049,APP-16068,20.76
TELEFL,CMP-1049,TEL-43924,13.36
POLYZE,CMP-1049,POL-80525,30.16
NEWAGE,CMP-1049,NEW-25901,40.29
AVANTO,CMP-1049,AVA-96137,13.96
BOYDCO,CMP-1050,BOY-60786,21.78
TRELLE,CMP-1050,TRE-37841,8.45
AVANTO,CMP-1050,AVA-95046,28.84
POLYZE,CMP-1051,POL-97235,32.16
TELEFL,CMP-1051,TEL-55909,38.90
RAUMED,CMP-1051,RAU-50607,5.35
TEKNIP,CMP-1051,TEK-61928,21.61
PUTNAM,CMP-1051,PUT-64534,16.11
INTERF,CMP-1052,INT-80733,19.07
ZEUS,CMP-1052,ZEU-89015,14.31
BOYDCO,CMP-1052,BOY-70262,21.81
VESTA,CMP-1052,VES-79673,29.51
TRELLE,CMP-1052,TRE-21231,38.36
INTERF,CMP-1053,INT-74804,17.37
POLYZE,CMP-1053,POL-12689,37.30
TEKNIP,CMP-1053,TEK-21518,34.10
BBRAUN,CMP-1053,BBR-62026,9.43
AVANTO,CMP-1054,AVA-76929,17.49
MEDLIN,CMP-1055,MED-17142,7.66
NIPRO,CMP-1056,NIP-76581,2.38
VENTIO,CMP-1056,VEN-36615,18.33
NEWAGE,CMP-1057,NEW-57170,16.59
MARIAN,CMP-1057,MAR-93670,33.29
POLYZE,CMP-1057,POL-11422,17.95
NORDSO,CMP-1057,NOR-90471,34.92
BBRAUN,CMP-1057,BBR-44472,31.45
PUTNAM,CMP-1058,PUT-28341,36.34
TEKNIP,CMP-1058,TEK-83255,22.71
DUKEEX,CMP-1058,DUK-19121,9.25
TELEFL,CMP-1059,TEL-63120,37.28
SPECTR,CMP-1060,SPE-46767,25.86
VESTA,CMP-1060,VES-77336,18.34
MINNES,CMP-1061,MIN-86777,25.07
INTERF,CMP-1061,INT-67884,10.99
SMITHS,CMP-1062,SMI-27942,14.68
MARIAN,CMP-1063,MAR-30573,36.42
AVANTO,CMP-1063,AVA-80671,38.06
TRELLE,CMP-1063,TRE-33871,8.51
PARKER,CMP-1063,PAR-57401,11.02
PARKER,CMP-1064,PAR-89162,14.35
NIPRO,CMP-1064,NIP-73957,16.06
TELEFL,CMP-1065,TEL-94409,40.28
AVANTO,CMP-1065,AVA-52820,2.87
TRELLE,CMP-1066,TRE-10526,34.15
CARDIN,CMP-1066,CAR-76536,37.44
VENTIO,CMP-1066,VEN-16674,9.11
NORDSO,CMP-1067,NOR-74192,4.25
SPECTR,CMP-1067,SPE-68174,18.72
SMITHS,CMP-1067,SMI-54245,10.88
DUKEEX,CMP-1068,DUK-95477,1.99
TELEFL,CMP-1069,TEL-61398,37.00
QOSINA,CMP-1069,QOS-11467,35.20
BBRAUN,CMP-1070,BBR-61961,17.73
MINNES,CMP-1070,MIN-15273,3.43
DUKEEX,CMP-1070,DUK-87566,28.53
NEWAGE,CMP-1070,NEW-46383,35.62
POLYZE,CMP-1071,POL-46349,29.94
CARDIN,CMP-1071,CAR-65571,9.40
INTERF,CMP-1072,INT-16606,15.16
PARKER,CMP-1072,PAR-26489,32.22
SAINTG,CMP-1072,SAI-82528,10.41
RAUMED,CMP-1072,RAU-44176,23.00
MICROL,CMP-1073,MIC-47390,29.31
MEDLIN,CMP-1073,MED-76455,34.47
INTERF,CMP-1073,INT-25496,24.05
BBRAUN,CMP-1073,BBR-79096,40.60
PARKER,CMP-1074,PAR-27433,13.78
LUBRIZ,CMP-1074,LUB-81815,10.57
PUTNAM,CMP-1075,PUT-76407,40.43
NORDSO,CMP-1075,NOR-19493,30.94
APPLER,CMP-1075,APP-14278,18.66
SMITHS,CMP-1076,SMI-63500,27.60
LUBRIZ,CMP-1076,LUB-32002,19.22
PUTNAM,CMP-1077,PUT-29104,34.07
MICROL,CMP-1078,MIC-52704,4.04
PARKER,CMP-1078,PAR-86731,10.19
FREUDE,CMP-1078,FRE-44209,17.43
NORDSO,CMP-1078,NOR-29871,8.64
MICROL,CMP-1079,MIC-12364,9.93
TELEFL,CMP-1079,TEL-91928,9.27
NIPRO,CMP-1079,NIP-86103,8.96
VESTA,CMP-1079,VES-15443,24.40
APPLER,CMP-1080,APP-57636,16.22
PARKER,CMP-1081,PAR-84800,9.06
NIPRO,CMP-1081,NIP-93771,14.61
FREUDE,CMP-1081,FRE-49889,27.98
TRELLE,CMP-1082,TRE-10113,12.10
PARKER,CMP-1082,PAR-17808,9.89
SPECTR,CMP-1083,SPE-59173,33.76
SMITHS,CMP-1083,SMI-12099,11.17
POLYZE,CMP-1083,POL-86306,28.85
VESTA,CMP-1084,VES-78381,27.73
BBRAUN,CMP-1084,BBR-65690,40.46
FREUDE,CMP-1084,FRE-12110,25.79
POLYZE,CMP-1084,POL-21399,3.49
APPLER,CMP-1085,APP-83451,5.61
NIPRO,CMP-1086,NIP-27503,26.98
MICROL,CMP-1087,MIC-53869,9.29
LUBRIZ,CMP-1088,LUB-83517,16.24
POLYZE,CMP-1089,POL-54960,39.63
SMITHS,CMP-1089,SMI-81030,23.97
MEDLIN,CMP-1089,MED-89937,13.61
TRELLE,CMP-1089,TRE-78921,10.11
CARDIN,CMP-1089,CAR-17923,3.32
NIPRO,CMP-1090,NIP-64956,29.13
MINNES,CMP-1091,MIN-34103,26.78
TEKNIP,CMP-1091,TEK-57072,12.95
POLYZE,CMP-1091,POL-50427,18.52
MINNES,CMP-1092,MIN-21315,27.09
NEWAGE,CMP-1093,NEW-74579,37.83
SMITHS,CMP-1094,SMI-96693,31.87
INTERF,CMP-1094,INT-81496,34.19
TELEFL,CMP-1094,TEL-11504,39.14
LUBRIZ,CMP-1095,LUB-48040,7.26
AVANTO,CMP-1095,AVA-35074,4.62
CARDIN,CMP-1095,CAR-15321,30.48
MARIAN,CMP-1095,MAR-53760,40.32
SPECTR,CMP-1095,SPE-16401,2.05
TELEFL,CMP-1096,TEL-10649,16.16
TRELLE,CMP-1096,TRE-76149,38.03
INTERF,CMP-1096,INT-42650,40.85
MICROL,CMP-1097,MIC-49606,16.31
LUBRIZ,CMP-1097,LUB-77998,34.90
APPLER,CMP-1097,APP-78503,40.58
CARDIN,CMP-1097,CAR-82006,7.12
NEWAGE,CMP-1097,NEW-73996,4.83
SPECTR,CMP-1098,SPE-33010,37.29
RAUMED,CMP-1098,RAU-92439,4.12
PUTNAM,CMP-1098,PUT-63834,16.27
TELEFL,CMP-1098,TEL-33603,11.21
APPLER,CMP-1099,APP-18043,16.35
NORDSO,CMP-1099,NOR-40151,18.32
FREUDE,CMP-1099,FRE-32834,1.97
PARKER,CMP-1100,PAR-70261,14.47
SAINTG,CMP-1100,SAI-17796,19.47
BBRAUN,CMP-1100,BBR-25474,7.21
RAUMED,CMP-1101,RAU-27088,16.18
TEKNIP,CMP-1101,TEK-57634,7.32
VENTIO,CMP-1102,VEN-60851,10.02
TELEFL,CMP-1102,TEL-37564,32.36
VESTA,CMP-1102,VES-63906,18.70
DUKEEX,CMP-1102,DUK-82234,38.59
FREUDE,CMP-1102,FRE-56223,39.22
ZEUS,CMP-1103,ZEU-29612,23.42
MEDLIN,CMP-1104,MED-75906,13.26
CARDIN,CMP-1104,CAR-72238,23.68
MARIAN,CMP-1104,MAR-63171,26.95
NEWAGE,CMP-1104,NEW-63510,31.41
QOSINA,CMP-1104,QOS-84105,39.11
POLYZE,CMP-1105,POL-14871,36.00
ZEUS,CMP-1106,ZEU-18364,20.24
TELEFL,CMP-1106,TEL-79837,6.43
BBRAUN,CMP-1106,BBR-88056,3.38
TRELLE,CMP-1107,TRE-33747,39.17
APPLER,CMP-1107,APP-44743,40.63
CARDIN,CMP-1107,CAR-93341,34.79
DUKEEX,CMP-1107,DUK-96857,35.49
MICROL,CMP-1108,MIC-28120,34.56
QOSINA,CMP-1108,QOS-64603,35.31
DUKEEX,CMP-1108,DUK-88197,31.05
NORDSO,CMP-1108,NOR-22858,40.44
VESTA,CMP-1108,VES-72579,11.18
INTERF,CMP-1109,INT-85788,32.81
NEWAGE,CMP-1109,NEW-18855,13.79
FREUDE,CMP-1109,FRE-77963,11.91
TEKNIP,CMP-1109,TEK-49416,3.57
APPLER,CMP-1109,APP-86371,24.45
TELEFL,CMP-1110,TEL-20237,8.08
CARDIN,CMP-1111,CAR-28259,10.77
SPECTR,CMP-1111,SPE-76010,20.33
PARKER,CMP-1111,PAR-45166,22.91
LUBRIZ,CMP-1111,LUB-71296,26.10
LUBRIZ,CMP-1112,LUB-50231,38.18
INTERF,CMP-1113,INT-24903,39.23
TEKNIP,CMP-1113,TEK-84193,39.06
TRELLE,CMP-1113,TRE-15376,22.81
POLYZE,CMP-1113,POL-79890,15.03
QOSINA,CMP-1113,QOS-39280,18.94
BOYDCO,CMP-1114,BOY-82156,30.47
DUKEEX,CMP-1114,DUK-16584,18.44
LUBRIZ,CMP-1115,LUB-40052,34.90
QOSINA,CMP-1116,QOS-79756,32.03
SPECTR,CMP-1116,SPE-11252,13.79
PUTNAM,CMP-1116,PUT-86671,19.88
DUKEEX,CMP-1117,DUK-58901,6.13
TELEFL,CMP-1118,TEL-52760,13.61
MARIAN,CMP-1118,MAR-65776,31.00
ZEUS,CMP-1118,ZEU-41869,27.41
RAUMED,CMP-1118,RAU-56489,26.73
VESTA,CMP-1119,VES-48791,35.15
SMITHS,CMP-1119,SMI-36734,23.53
SPECTR,CMP-1119,SPE-75616,11.73
FREUDE,CMP-1119,FRE-35818,6.35
TRELLE,CMP-1120,TRE-93580,15.88
MEDLIN,CMP-1120,MED-45210,4.39
VENTIO,CMP-1120,VEN-84596,29.02
SAINTG,CMP-1120,SAI-88025,27.72
AVANTO,CMP-1120,AVA-30598,17.68
TEKNIP,CMP-1121,TEK-73395,7.92
VESTA,CMP-1121,VES-26550,2.08
APPLER,CMP-1122,APP-16844,28.28
RAUMED,CMP-1122,RAU-10813,31.97
NIPRO,CMP-1122,NIP-30902,19.84
INTERF,CMP-1122,INT-41927,6.82
CARDIN,CMP-1122,CAR-52262,23.89
CARDIN,CMP-1123,CAR-59374,16.94
NORDSO,CMP-1123,NOR-37773,25.73
MEDLIN,CMP-1123,MED-90915,34.44
RAUMED,CMP-1124,RAU-85845,2.08
SPECTR,CMP-1124,SPE-18906,31.14
VENTIO,CMP-1124,VEN-18871,16.27
FREUDE,CMP-1124,FRE-82092,2.07
NORDSO,CMP-1125,NOR-21985,39.70
PARKER,CMP-1125,PAR-70750,31.23
NIPRO,CMP-1125,NIP-69287,18.63
BOYDCO,CMP-1125,BOY-32404,23.60
SMITHS,CMP-1126,SMI-73696,26.03
ZEUS,CMP-1126,ZEU-65545,36.21
BBRAUN,CMP-1126,BBR-57427,16.52
POLYZE,CMP-1127,POL-73673,8.49
TRELLE,CMP-1127,TRE-71144,25.45
NORDSO,CMP-1127,NOR-50837,5.29
SMITHS,CMP-1127,SMI-83885,8.25
MINNES,CMP-1128,MIN-21061,35.05
ZEUS,CMP-1128,ZEU-13475,17.58
TELEFL,CMP-1128,TEL-33904,30.57
BBRAUN,CMP-1129,BBR-97461,30.83
SPECTR,CMP-1129,SPE-36567,28.64
VESTA,CMP-1130,VES-48253,36.28
PARKER,CMP-1130,PAR-97344,4.15
TELEFL,CMP-1130,TEL-31801,12.46
PUTNAM,CMP-1130,PUT-32911,17.66
RAUMED,CMP-1131,RAU-89455,26.86
SMITHS,CMP-1131,SMI-61666,7.57
SPECTR,CMP-1132,SPE-10926,26.93
LUBRIZ,CMP-1132,LUB-17320,31.51
SAINTG,CMP-1133,SAI-15049,32.49
BBRAUN,CMP-1133,BBR-29711,38.94
NIPRO,CMP-1133,NIP-79871,11.33
MARIAN,CMP-1133,MAR-53141,5.94
AVANTO,CMP-1134,AVA-78492,15.22
VESTA,CMP-1134,VES-53315,32.63
SAINTG,CMP-1135,SAI-84102,2.39
MARIAN,CMP-1135,MAR-26481,39.06
SMITHS,CMP-1135,SMI-78859,6.56
INTERF,CMP-1136,INT-13485,26.61
NIPRO,CMP-1137,NIP-68332,38.32
POLYZE,CMP-1138,POL-44239,32.25
NIPRO,CMP-1138,NIP-82775,38.07
NEWAGE,CMP-1138,NEW-47395,1.35
CARDIN,CMP-1138,CAR-56825,5.56
SMITHS,CMP-1139,SMI-45033,21.31
DUKEEX,CMP-1139,DUK-89628,28.68
TEKNIP,CMP-1139,TEK-95422,30.23
VENTIO,CMP-1139,VEN-19499,28.66
SAINTG,CMP-1139,SAI-55952,23.63
BOYDCO,CMP-1140,BOY-73608,39.97
DUKEEX,CMP-1140,DUK-53337,7.15
LUBRIZ,CMP-1140,LUB-21558,32.93
APPLER,CMP-1140,APP-41387,40.76
RAUMED,CMP-1140,RAU-59517,22.86
SPECTR,CMP-1141,SPE-75844,30.54
APPLER,CMP-1141,APP-38568,40.66
SMITHS,CMP-1141,SMI-51360,40.72
RAUMED,CMP-1141,RAU-90041,24.01
NEWAGE,CMP-1142,NEW-29074,23.74
LUBRIZ,CMP-1142,LUB-21872,30.00
CARDIN,CMP-1142,CAR-54600,13.98
VESTA,CMP-1142,VES-74970,16.28
MICROL,CMP-1143,MIC-18730,33.49
NEWAGE,CMP-1143,NEW-60595,23.87
POLYZE,CMP-1143,POL-69788,3.14
DUKEEX,CMP-1143,DUK-76171,34.35
PARKER,CMP-1144,PAR-74816,11.04
AVANTO,CMP-1145,AVA-29318,19.97
NORDSO,CMP-1145,NOR-72635,5.57
PARKER,CMP-1145,PAR-96112,21.09
MEDLIN,CMP-1145,MED-72723,10.58
TEKNIP,CMP-1146,TEK-24953,13.61
AVANTO,CMP-1147,AVA-87659,2.33
MARIAN,CMP-1147,MAR-61638,4.60
POLYZE,CMP-1147,POL-86085,8.60
LUBRIZ,CMP-1147,LUB-44894,7.45
RAUMED,CMP-1147,RAU-84810,19.62
TEKNIP,CMP-1148,TEK-22598,24.92
MARIAN,CMP-1148,MAR-67146,24.52
NIPRO,CMP-1148,NIP-25901,14.78
SPECTR,CMP-1148,SPE-43282,5.73
PARKER,CMP-1148,PAR-34056,11.81
VESTA,CMP-1149,VES-29704,16.98
PARKER,CMP-1150,PAR-14506,20.28
CARDIN,CMP-1150,CAR-52456,1.88
LUBRIZ,CMP-1150,LUB-12822,22.65
VENTIO,CMP-1150,VEN-35329,25.23
ZEUS,CMP-1150,ZEU-49758,33.84
BBRAUN,CMP-1151,BBR-15593,39.44
TEKNIP,CMP-1151,TEK-13193,37.56
NIPRO,CMP-1151,NIP-42817,33.04
LUBRIZ,CMP-1151,LUB-84034,16.77
PARKER,CMP-1152,PAR-50488,38.98
BOYDCO,CMP-1152,BOY-78676,6.68
SMITHS,CMP-1152,SMI-10290,26.39
QOSINA,CMP-1152,QOS-99823,3.33
NIPRO,CMP-1153,NIP-23949,40.34
APPLER,CMP-1153,APP-49051,10.32
INTERF,CMP-1153,INT-63459,35.46
TRELLE,CMP-1154,TRE-64546,12.62
FREUDE,CMP-1154,FRE-80513,16.73
BOYDCO,CMP-1154,BOY-22145,9.02
PUTNAM,CMP-1155,PUT-15543,10.30
NEWAGE,CMP-1155,NEW-28818,15.93
NIPRO,CMP-1155,NIP-37934,38.36
DUKEEX,CMP-1155,DUK-40541,21.77
FREUDE,CMP-1156,FRE-56783,18.01
TEKNIP,CMP-1156,TEK-17377,11.61
MEDLIN,CMP-1156,MED-75112,1.60
DUKEEX,CMP-1156,DUK-85701,1.89
TELEFL,CMP-1157,TEL-67735,16.86
CARDIN,CMP-1157,CAR-90356,27.68
ZEUS,CMP-1158,ZEU-31787,5.43
PUTNAM,CMP-1159,PUT-38061,37.92
POLYZE,CMP-1159,POL-86825,23.82
RAUMED,CMP-1159,RAU-67243,13.43
VESTA,CMP-1159,VES-45816,15.34
TELEFL,CMP-1159,TEL-17196,4.99
BBRAUN,CMP-1160,BBR-13816,39.09
LUBRIZ,CMP-1160,LUB-86242,28.17
RAUMED,CMP-1160,RAU-78955,40.74
MEDLIN,CMP-1160,MED-47095,10.00
BBRAUN,CMP-1161,BBR-39162,34.95
SMITHS,CMP-1161,SMI-25192,18.43
NEWAGE,CMP-1161,NEW-37970,13.25
PUTNAM,CMP-1162,PUT-45141,5.15
BOYDCO,CMP-1162,BOY-22747,33.23
VESTA,CMP-1163,VES-11998,12.22
MICROL,CMP-1163,MIC-96573,30.39
LUBRIZ,CMP-1164,LUB-76723,13.68
VENTIO,CMP-1164,VEN-29642,17.25
APPLER,CMP-1164,APP-60130,24.01
NORDSO,CMP-1165,NOR-25081,33.88
APPLER,CMP-1165,APP-84438,32.81
NIPRO,CMP-1166,NIP-91095,6.28
RAUMED,CMP-1166,RAU-40684,33.27
NEWAGE,CMP-1167,NEW-53890,35.00
ZEUS,CMP-1167,ZEU-57790,37.56
TEKNIP,CMP-1167,TEK-48340,14.98
LUBRIZ,CMP-1167,LUB-91641,34.23
SAINTG,CMP-1168,SAI-46499,18.51
AVANTO,CMP-1168,AVA-54792,30.59
TELEFL,CMP-1168,TEL-74022,40.01
ZEUS,CMP-1168,ZEU-66245,21.41
FREUDE,CMP-1169,FRE-73241,29.14
BOYDCO,CMP-1169,BOY-10708,21.50
LUBRIZ,CMP-1169,LUB-41867,29.17
NIPRO,CMP-1170,NIP-96496,13.22
VESTA,CMP-1170,VES-81261,9.92
FREUDE,CMP-1170,FRE-65945,5.56
NORDSO,CMP-1170,NOR-64361,13.95
PUTNAM,CMP-1170,PUT-37884,21.88
BBRAUN,CMP-1171,BBR-75812,9.91
QOSINA,CMP-1171,QOS-82892,26.63
TEKNIP,CMP-1171,TEK-15544,30.12
POLYZE,CMP-1171,POL-32109,14.38
TRELLE,CMP-1171,TRE-86084,2.77
VENTIO,CMP-1172,VEN-86835,35.74
MEDLIN,CMP-1172,MED-63270,37.61
FREUDE,CMP-1172,FRE-63274,39.21
NIPRO,CMP-1173,NIP-48331,2.82
AVANTO,CMP-1173,AVA-79773,23.17
INTERF,CMP-1173,INT-86134,10.84
BOYDCO,CMP-1174,BOY-23731,20.63
RAUMED,CMP-1174,RAU-61496,14.69
MEDLIN,CMP-1174,MED-84772,1.84
SPECTR,CMP-1175,SPE-22503,21.98
TRELLE,CMP-1175,TRE-46785,31.20
NIPRO,CMP-1175,NIP-42551,20.93
SMITHS,CMP-1175,SMI-35464,39.77
SAINTG,CMP-1176,SAI-63766,12.73
VENTIO,CMP-1177,VEN-99456,2.56
AVANTO,CMP-1177,AVA-93868,40.44
PUTNAM,CMP-1177,PUT-96031,33.64
MARIAN,CMP-1177,MAR-52233,30.68
RAUMED,CMP-1178,RAU-68734,40.55
MARIAN,CMP-1178,MAR-35868,12.52
NIPRO,CMP-1179,NIP-33168,37.57
PUTNAM,CMP-1180,PUT-90323,21.89
POLYZE,CMP-1181,POL-96420,30.43
ZEUS,CMP-1181,ZEU-50666,7.40
PUTNAM,CMP-1181,PUT-50428,35.29
PUTNAM,CMP-1182,PUT-19026,17.21
RAUMED,CMP-1183,RAU-73108,19.33
PUTNAM,CMP-1184,PUT-83379,40.47
SMITHS,CMP-1184,SMI-15213,12.81
TELEFL,CMP-1185,TEL-31934,34.23
SMITHS,CMP-1185,SMI-41416,5.77
MARIAN,CMP-1186,MAR-79714,1.98
APPLER,CMP-1186,APP-56514,18.51
TRELLE,CMP-1187,TRE-86657,6.56
INTERF,CMP-1187,INT-76529,36.58
MINNES,CMP-1188,MIN-30978,37.88
MEDLIN,CMP-1188,MED-35192,8.00
MICROL,CMP-1188,MIC-21298,3.70
APPLER,CMP-1188,APP-95001,36.85
ZEUS,CMP-1189,ZEU-89593,37.12
SAINTG,CMP-1189,SAI-41042,38.97
TELEFL,CMP-1190,TEL-45500,39.46
MARIAN,CMP-1190,MAR-18171,31.00
POLYZE,CMP-1191,POL-98210,20.72
CARDIN,CMP-1192,CAR-10883,25.48
MARIAN,CMP-1192,MAR-17081,21.58
LUBRIZ,CMP-1192,LUB-81852,9.53
INTERF,CMP-1193,INT-37258,4.64
MINNES,CMP-1193,MIN-66177,4.99
TELEFL,CMP-1193,TEL-15052,21.95
DUKEEX,CMP-1194,DUK-51412,1.78
ZEUS,CMP-1195,ZEU-20294,18.08
DUKEEX,CMP-1195,DUK-66933,20.01
LUBRIZ,CMP-1195,LUB-20319,35.39
QOSINA,CMP-1195,QOS-59606,39.08
VESTA,CMP-1195,VES-53439,13.00
ZEUS,CMP-1196,ZEU-69242,25.38
MICROL,CMP-1196,MIC-42819,9.83
TEKNIP,CMP-1196,TEK-15842,29.14
VENTIO,CMP-1196,VEN-34471,22.25
RAUMED,CMP-1196,RAU-70738,8.96
PARKER,CMP-1197,PAR-79268,32.99
LUBRIZ,CMP-1198,LUB-54636,5.80
VESTA,CMP-1198,VES-99052,36.63
ZEUS,CMP-1198,ZEU-34645,11.01
FREUDE,CMP-1199,FRE-77367,21.88
POLYZE,CMP-1200,POL-87204,14.35
AVANTO,CMP-1200,AVA-73713,9.64
VENTIO,CMP-1200,VEN-27145,1.30
VESTA,CMP-1200,VES-69914,2.98
PARKER,CMP-1200,PAR-50151,21.95
BBRAUN,CMP-1201,BBR-50291,16.86
MARIAN,CMP-1201,MAR-92879,19.77
TEKNIP,CMP-1201,TEK-24572,12.27
BBRAUN,CMP-1202,BBR-48520,29.21
MINNES,CMP-1203,MIN-36403,22.84
BBRAUN,CMP-1203,BBR-56964,9.16
DUKEEX,CMP-1204,DUK-96093,35.78
LUBRIZ,CMP-1204,LUB-15445,11.07
RAUMED,CMP-1204,RAU-59995,23.90
ZEUS,CMP-1204,ZEU-64029,39.83
APPLER,CMP-1205,APP-31190,7.56
CARDIN,CMP-1205,CAR-58108,25.56
POLYZE,CMP-1205,POL-87715,33.40
FREUDE,CMP-1205,FRE-71730,32.17
SMITHS,CMP-1206,SMI-98340,4.29
ZEUS,CMP-1206,ZEU-80694,26.11
NIPRO,CMP-1206,NIP-71987,10.31
SPECTR,CMP-1207,SPE-61252,3.00
DUKEEX,CMP-1207,DUK-47186,38.10
APPLER,CMP-1207,APP-54970,9.83
NEWAGE,CMP-1208,NEW-55458,1.33
MARIAN,CMP-1209,MAR-56476,7.74
NORDSO,CMP-1209,NOR-75969,39.85
TEKNIP,CMP-1210,TEK-61578,17.39
NIPRO,CMP-1210,NIP-47614,23.87
POLYZE,CMP-1210,POL-10458,34.25
PUTNAM,CMP-1210,PUT-85324,28.95
NEWAGE,CMP-1210,NEW-35051,31.21
SMITHS,CMP-1211,SMI-72731,19.48
NIPRO,CMP-1211,NIP-26046,33.80
AVANTO,CMP-1212,AVA-64776,5.54
BOYDCO,CMP-1212,BOY-22291,18.00
FREUDE,CMP-1212,FRE-10645,7.71
MICROL,CMP-1212,MIC-41011,13.16
SMITHS,CMP-1213,SMI-14672,26.96
MINNES,CMP-1213,MIN-20195,19.42
SPECTR,CMP-1214,SPE-30913,37.60
SAINTG,CMP-1214,SAI-62217,8.96
TRELLE,CMP-1215,TRE-22833,17.33
VENTIO,CMP-1215,VEN-47221,36.73
MINNES,CMP-1216,MIN-33310,15.83
NIPRO,CMP-1216,NIP-74430,19.23
BBRAUN,CMP-1217,BBR-85490,35.36
QOSINA,CMP-1218,QOS-29578,24.52
BBRAUN,CMP-1218,BBR-40412,39.67
FREUDE,CMP-1218,FRE-32376,21.56
NIPRO,CMP-1218,NIP-79511,10.21
BOYDCO,CMP-1218,BOY-10495,18.39
MINNES,CMP-1219,MIN-25822,31.45
NIPRO,CMP-1220,NIP-66099,7.76
BOYDCO,CMP-1220,BOY-72772,18.72
APPLER,CMP-1221,APP-42427,12.56
POLYZE,CMP-1221,POL-85236,6.24
TRELLE,CMP-1221,TRE-52869,19.50
CARDIN,CMP-1222,CAR-53392,4.52
AVANTO,CMP-1222,AVA-49230,21.23
BOYDCO,CMP-1223,BOY-36230,27.60
DUKEEX,CMP-1223,DUK-39602,8.16
QOSINA,CMP-1224,QOS-90821,11.23
SPECTR,CMP-1224,SPE-59964,26.94
FREUDE,CMP-1225,FRE-10837,23.88
POLYZE,CMP-1226,POL-93347,17.60
SPECTR,CMP-1226,SPE-28013,20.88
AVANTO,CMP-1226,AVA-70400,28.99
PARKER,CMP-1227,PAR-42626,6.05
MICROL,CMP-1227,MIC-33392,9.97
VESTA,CMP-1228,VES-53113,26.96
DUKEEX,CMP-1228,DUK-57745,7.87
MARIAN,CMP-1228,MAR-71564,19.30
MEDLIN,CMP-1228,MED-87231,15.45
APPLER,CMP-1229,APP-23083,32.77
RAUMED,CMP-1230,RAU-15376,34.71
POLYZE,CMP-1230,POL-99005,29.55
SMITHS,CMP-1230,SMI-45767,39.35
BBRAUN,CMP-1230,BBR-29818,7.78
NEWAGE,CMP-1231,NEW-85867,22.42
TRELLE,CMP-1231,TRE-78581,5.62
MARIAN,CMP-1231,MAR-85023,1.15
QOSINA,CMP-1231,QOS-99266,19.00
PARKER,CMP-1232,PAR-57450,29.53
FREUDE,CMP-1232,FRE-98400,33.15
TRELLE,CMP-1233,TRE-48126,38.85
SPECTR,CMP-1233,SPE-45486,31.65
QOSINA,CMP-1234,QOS-84534,11.31
SMITHS,CMP-1235,SMI-78076,9.12
SAINTG,CMP-1235,SAI-41425,20.44
MARIAN,CMP-1235,MAR-28928,39.80
SAINTG,CMP-1236,SAI-40866,33.33
FREUDE,CMP-1237,FRE-14811,22.17
INTERF,CMP-1238,INT-16652,16.09
MARIAN,CMP-1238,MAR-83237,10.36
FREUDE,CMP-1238,FRE-77245,36.57
MICROL,CMP-1239,MIC-12169,2.83
AVANTO,CMP-1240,AVA-38137,7.98
NEWAGE,CMP-1240,NEW-29066,36.62
FREUDE,CMP-1240,FRE-41603,20.88
PARKER,CMP-1241,PAR-92358,4.69
DUKEEX,CMP-1241,DUK-41877,33.70
POLYZE,CMP-1242,POL-44504,31.86
TELEFL,CMP-1242,TEL-58306,5.79
APPLER,CMP-1242,APP-22197,18.85
TEKNIP,CMP-1242,TEK-51793,5.93
MEDLIN,CMP-1243,MED-28934,40.83
NIPRO,CMP-1243,NIP-28956,16.49
CARDIN,CMP-1244,CAR-11880,33.87
MARIAN,CMP-1244,MAR-99946,23.41
QOSINA,CMP-1244,QOS-29362,36.98
PUTNAM,CMP-1244,PUT-71058,36.38
SAINTG,CMP-1245,SAI-40145,13.36
BBRAUN,CMP-1246,BBR-96173,36.63
MINNES,CMP-1246,MIN-56402,23.26
RAUMED,CMP-1246,RAU-69006,4.19
DUKEEX,CMP-1246,DUK-47736,39.92
LUBRIZ,CMP-1247,LUB-33460,33.28
MEDLIN,CMP-1247,MED-89943,39.51
AVANTO,CMP-1247,AVA-23048,3.21
SAINTG,CMP-1247,SAI-48709,6.19
VESTA,CMP-1248,VES-72968,27.04
SAINTG,CMP-1249,SAI-44252,1.34
TELEFL,CMP-1249,TEL-38665,5.44
NIPRO,CMP-1249,NIP-39559,28.16
DUKEEX,CMP-1249,DUK-86924,2.01
ZEUS,CMP-1250,ZEU-47418,6.92
LUBRIZ,CMP-1250,LUB-57087,21.52
SAINTG,CMP-1250,SAI-35232,12.47
PUTNAM,CMP-1250,PUT-50493,35.32
PARKER,CMP-1251,PAR-28408,40.11
MEDLIN,CMP-1251,MED-37369,37.69
MINNES,CMP-1252,MIN-56639,1.62
APPLER,CMP-1253,APP-63846,6.12
QOSINA,CMP-1253,QOS-15843,25.00
MEDLIN,CMP-1253,MED-91447,36.88
LUBRIZ,CMP-1253,LUB-85127,34.52
SAINTG,CMP-1253,SAI-90336,23.29
VESTA,CMP-1254,VES-17333,14.19
QOSINA,CMP-1254,QOS-74709,3.50
FREUDE,CMP-1254,FRE-78324,39.57
MICROL,CMP-1254,MIC-57947,37.63
MINNES,CMP-1255,MIN-69800,19.59
TRELLE,CMP-1256,TRE-29873,33.89
MICROL,CMP-1256,MIC-80029,26.30
SPECTR,CMP-1256,SPE-15628,31.09
QOSINA,CMP-1256,QOS-56414,19.08
TRELLE,CMP-1257,TRE-73923,11.11
DUKEEX,CMP-1257,DUK-54344,8.21
ZEUS,CMP-1258,ZEU-40444,26.27
PUTNAM,CMP-1258,PUT-59623,22.81
TRELLE,CMP-1258,TRE-59468,7.71
NEWAGE,CMP-1258,NEW-10288,6.53
AVANTO,CMP-1259,AVA-66828,26.55
NIPRO,CMP-1259,NIP-48632,12.08
PUTNAM,CMP-1259,PUT-93378,2.84
TEKNIP,CMP-1259,TEK-94644,6.15
DUKEEX,CMP-1259,DUK-99269,10.73
NORDSO,CMP-1260,NOR-28939,12.39
VENTIO,CMP-1260,VEN-32554,2.86
PUTNAM,CMP-1260,PUT-99085,21.86
NEWAGE,CMP-1261,NEW-93741,2.90
MARIAN,CMP-1261,MAR-74347,12.57
POLYZE,CMP-1261,POL-62718,31.80
MEDLIN,CMP-1261,MED-54783,30.22
TEKNIP,CMP-1261,TEK-16299,24.34
SMITHS,CMP-1262,SMI-32878,21.22
INTERF,CMP-1263,INT-81116,40.00
MARIAN,CMP-1263,MAR-30089,22.08
CARDIN,CMP-1263,CAR-94480,26.94
MICROL,CMP-1263,MIC-56337,17.64
VESTA,CMP-1263,VES-32168,31.30
VENTIO,CMP-1264,VEN-82240,33.29
BOYDCO,CMP-1264,BOY-16326,23.89
ZEUS,CMP-1264,ZEU-76841,31.40
TEKNIP,CMP-1265,TEK-13019,31.10
MICROL,CMP-1265,MIC-60006,12.43
VESTA,CMP-1265,VES-42603,40.93
MARIAN,CMP-1266,MAR-26430,6.54
SAINTG,CMP-1266,SAI-15775,25.09
POLYZE,CMP-1267,POL-90259,22.65
AVANTO,CMP-1267,AVA-78836,30.95
PARKER,CMP-1268,PAR-75542,21.27
SPECTR,CMP-1269,SPE-14074,31.70
SMITHS,CMP-1269,SMI-19083,10.97
PARKER,CMP-1269,PAR-64443,18.23
APPLER,CMP-1269,APP-63328,6.73
ZEUS,CMP-1269,ZEU-80575,22.59
NEWAGE,CMP-1270,NEW-20198,2.24
SAINTG,CMP-1270,SAI-43386,25.66
RAUMED,CMP-1270,RAU-96399,9.15
NIPRO,CMP-1270,NIP-97400,1.67
CARDIN,CMP-1270,CAR-36862,19.66
TEKNIP,CMP-1271,TEK-24110,11.09
PUTNAM,CMP-1271,PUT-93098,24.08
ZEUS,CMP-1271,ZEU-87324,4.30
SPECTR,CMP-1271,SPE-68661,23.34
DUKEEX,CMP-1271,DUK-31912,36.43
SPECTR,CMP-1272,SPE-18611,16.12
DUKEEX,CMP-1272,DUK-53450,3.71
MINNES,CMP-1272,MIN-63050,23.59
BOYDCO,CMP-1272,BOY-73776,7.42
TRELLE,CMP-1273,TRE-15034,14.62
VESTA,CMP-1273,VES-82463,33.75
VENTIO,CMP-1273,VEN-22064,33.33
SMITHS,CMP-1273,SMI-80071,29.20
VESTA,CMP-1274,VES-83156,20.41
SAINTG,CMP-1275,SAI-18528,16.72
BOYDCO,CMP-1275,BOY-61707,19.77
NIPRO,CMP-1275,NIP-53178,16.60
SMITHS,CMP-1275,SMI-87867,36.35
BBRAUN,CMP-1276,BBR-79174,22.36
NEWAGE,CMP-1276,NEW-99363,17.36
SAINTG,CMP-1277,SAI-49934,16.91
RAUMED,CMP-1277,RAU-33436,10.55
TRELLE,CMP-1277,TRE-73558,31.42
APPLER,CMP-1277,APP-67496,22.45
SMITHS,CMP-1278,SMI-10621,21.83
MARIAN,CMP-1279,MAR-79315,28.52
CARDIN,CMP-1280,CAR-64949,35.05
NEWAGE,CMP-1280,NEW-92865,3.00
VESTA,CMP-1281,VES-47304,22.96
RAUMED,CMP-1282,RAU-77800,32.40
PARKER,CMP-1282,PAR-42046,5.60
MARIAN,CMP-1283,MAR-65905,25.39
SAINTG,CMP-1283,SAI-50310,8.32
DUKEEX,CMP-1283,DUK-72579,32.14
TRELLE,CMP-1284,TRE-25619,10.25
MARIAN,CMP-1284,MAR-49674,10.45
BOYDCO,CMP-1284,BOY-94953,7.30
TEKNIP,CMP-1285,TEK-56846,17.43
MICROL,CMP-1286,MIC-80241,21.08
DUKEEX,CMP-1286,DUK-84233,20.05
BOYDCO,CMP-1287,BOY-26440,22.92
APPLER,CMP-1287,APP-80623,31.89
SPECTR,CMP-1288,SPE-14474,31.15
NORDSO,CMP-1288,NOR-89126,10.98
ZEUS,CMP-1288,ZEU-81589,40.01
BOYDCO,CMP-1288,BOY-92504,3.34
VENTIO,CMP-1288,VEN-81278,33.34
PARKER,CMP-1289,PAR-44804,5.05
NORDSO,CMP-1289,NOR-44143,11.99
NORDSO,CMP-1290,NOR-78686,14.46
AVANTO,CMP-1291,AVA-46153,36.95
NEWAGE,CMP-1291,NEW-39236,26.79
MARIAN,CMP-1291,MAR-35990,25.94
PUTNAM,CMP-1292,PUT-74053,39.05
MARIAN,CMP-1292,MAR-28230,15.72
VENTIO,CMP-1292,VEN-88638,33.61
NORDSO,CMP-1292,NOR-13211,9.18
DUKEEX,CMP-1293,DUK-52198,32.39
NORDSO,CMP-1294,NOR-72465,5.11
POLYZE,CMP-1294,POL-96858,22.24
TRELLE,CMP-1294,TRE-26791,36.15
BOYDCO,CMP-1295,BOY-65665,3.10
NEWAGE,CMP-1296,NEW-90605,37.69
BBRAUN,CMP-1296,BBR-81931,31.73
MEDLIN,CMP-1296,MED-67515,9.82
SMITHS,CMP-1297,SMI-32221,15.07
DUKEEX,CMP-1297,DUK-68210,27.95
VENTIO,CMP-1297,VEN-27656,31.44
INTERF,CMP-1298,INT-14427,15.52
DUKEEX,CMP-1298,DUK-82631,4.58
SAINTG,CMP-1298,SAI-92290,34.19
SPECTR,CMP-1298,SPE-52210,32.33
QOSINA,CMP-1299,QOS-51750,12.13
TELEFL,CMP-1299,TEL-43988,14.18
PARKER,CMP-1300,PAR-56460,40.52
INTERF,CMP-1301,INT-45513,12.03
SMITHS,CMP-1301,SMI-33013,34.19
NORDSO,CMP-1301,NOR-37835,37.64
FREUDE,CMP-1301,FRE-14026,26.53
RAUMED,CMP-1302,RAU-38170,28.89
LUBRIZ,CMP-1302,LUB-80082,22.01
PUTNAM,CMP-1302,PUT-31367,23.42
NIPRO,CMP-1302,NIP-43778,29.35
TELEFL,CMP-1303,TEL-72912,38.03
NIPRO,CMP-1303,NIP-41154,26.06
BBRAUN,CMP-1304,BBR-12251,20.10
SPECTR,CMP-1304,SPE-59081,21.49
BOYDCO,CMP-1304,BOY-21273,34.51
CARDIN,CMP-1304,CAR-99618,6.64
SMITHS,CMP-1305,SMI-96938,7.04
INTERF,CMP-1305,INT-31924,11.07
CARDIN,CMP-1305,CAR-34998,34.81
PARKER,CMP-1305,PAR-68187,6.32
BBRAUN,CMP-1305,BBR-80877,23.36
APPLER,CMP-1306,APP-85425,24.35
MEDLIN,CMP-1307,MED-71719,16.46
PUTNAM,CMP-1307,PUT-72163,15.07
MARIAN,CMP-1307,MAR-47589,16.88
CARDIN,CMP-1307,CAR-55900,15.91
VENTIO,CMP-1308,VEN-77917,23.24
MEDLIN,CMP-1308,MED-75871,8.86
QOSINA,CMP-1308,QOS-70334,22.26
NEWAGE,CMP-1308,NEW-75162,11.99
VESTA,CMP-1308,VES-45169,8.30
TEKNIP,CMP-1309,TEK-49443,19.02
POLYZE,CMP-1310,POL-81716,8.54
TRELLE,CMP-1310,TRE-59303,7.15
FREUDE,CMP-1310,FRE-64677,1.90
NEWAGE,CMP-1310,NEW-60623,4.57
BBRAUN,CMP-1311,BBR-80022,37.24
POLYZE,CMP-1311,POL-46160,2.57
MICROL,CMP-1312,MIC-53826,15.96
VESTA,CMP-1312,VES-76505,1.29
TRELLE,CMP-1313,TRE-64493,31.50
RAUMED,CMP-1313,RAU-36702,27.11
TELEFL,CMP-1313,TEL-81864,20.84
SAINTG,CMP-1314,SAI-83531,10.87
MINNES,CMP-1314,MIN-44105,21.98
RAUMED,CMP-1314,RAU-60706,29.48
SPECTR,CMP-1314,SPE-64290,32.38
AVANTO,CMP-1315,AVA-16610,9.89
BOYDCO,CMP-1315,BOY-82282,14.26
QOSINA,CMP-1316,QOS-98937,21.59
MICROL,CMP-1316,MIC-69239,26.16
RAUMED,CMP-1316,RAU-57522,2.50
NIPRO,CMP-1317,NIP-75893,28.54
TRELLE,CMP-1317,TRE-16944,32.11
MICROL,CMP-1317,MIC-62750,27.15
BOYDCO,CMP-1318,BOY-99577,39.13
TRELLE,CMP-1318,TRE-63324,4.17
INTERF,CMP-1318,INT-66611,1.64
APPLER,CMP-1318,APP-88100,17.19
MINNES,CMP-1318,MIN-53792,36.92
AVANTO,CMP-1319,AVA-40380,4.33
POLYZE,CMP-1320,POL-22063,29.83
AVANTO,CMP-1320,AVA-87953,7.25
TEKNIP,CMP-1321,TEK-71440,33.36
BOYDCO,CMP-1321,BOY-58050,3.07
ZEUS,CMP-1321,ZEU-40853,32.36
VENTIO,CMP-1322,VEN-65486,5.94
PUTNAM,CMP-1322,PUT-22044,33.42
TELEFL,CMP-1322,TEL-36691,25.18
MEDLIN,CMP-1322,MED-81984,26.03
TRELLE,CMP-1322,TRE-94848,40.61
APPLER,CMP-1323,APP-57605,21.02
PUTNAM,CMP-1323,PUT-32722,24.64
SMITHS,CMP-1323,SMI-16436,11.92
PARKER,CMP-1324,PAR-94779,14.95
PUTNAM,CMP-1324,PUT-34718,40.82
TELEFL,CMP-1324,TEL-48630,28.68
SPECTR,CMP-1324,SPE-32131,11.01
MEDLIN,CMP-1325,MED-20716,3.19
AVANTO,CMP-1325,AVA-81829,38.71
LUBRIZ,CMP-1325,LUB-91047,16.93
POLYZE,CMP-1325,POL-75889,37.12
ZEUS,CMP-1326,ZEU-99804,17.28
CARDIN,CMP-1326,CAR-50485,12.33
NEWAGE,CMP-1326,NEW-13215,19.79
BBRAUN,CMP-1326,BBR-34647,15.63
TELEFL,CMP-1326,TEL-91035,25.83
PUTNAM,CMP-1327,PUT-40692,18.97
MINNES,CMP-1327,MIN-78834,5.49
TRELLE,CMP-1328,TRE-87536,11.47
BBRAUN,CMP-1328,BBR-20929,39.06
CARDIN,CMP-1328,CAR-86694,33.92
AVANTO,CMP-1328,AVA-55308,12.26
ZEUS,CMP-1329,ZEU-13052,17.63
TRELLE,CMP-1329,TRE-15699,28.49
PUTNAM,CMP-1329,PUT-76756,24.75
MINNES,CMP-1330,MIN-36877,15.01
BBRAUN,CMP-1330,BBR-57817,1.89
DUKEEX,CMP-1330,DUK-63650,30.75
INTERF,CMP-1330,INT-98557,40.54
VESTA,CMP-1330,VES-32650,17.00
PUTNAM,CMP-1331,PUT-33864,8.02
RAUMED,CMP-1331,RAU-16423,38.74
MINNES,CMP-1331,MIN-36190,9.77
BOYDCO,CMP-1331,BOY-97773,40.19
FREUDE,CMP-1331,FRE-82396,23.71
MINNES,CMP-1332,MIN-58722,17.56
PARKER,CMP-1333,PAR-38711,17.19
VENTIO,CMP-1333,VEN-48772,22.46
DUKEEX,CMP-1333,DUK-29335,11.59
TRELLE,CMP-1334,TRE-65094,3.76
FREUDE,CMP-1334,FRE-81058,30.27
APPLER,CMP-1334,APP-10687,17.02
TEKNIP,CMP-1335,TEK-55009,8.39
ZEUS,CMP-1335,ZEU-35009,8.93
CARDIN,CMP-1335,CAR-75621,29.94
NIPRO,CMP-1335,NIP-24707,40.37
RAUMED,CMP-1335,RAU-41216,21.88
SAINTG,CMP-1336,SAI-63127,22.21
SMITHS,CMP-1336,SMI-52237,28.76
MICROL,CMP-1336,MIC-50281,5.46
POLYZE,CMP-1337,POL-74715,39.09
TRELLE,CMP-1337,TRE-33962,16.69
PUTNAM,CMP-1337,PUT-61097,33.42
VENTIO,CMP-1337,VEN-71199,31.63
MARIAN,CMP-1337,MAR-70773,34.17
BBRAUN,CMP-1338,BBR-69404,26.07
TEKNIP,CMP-1339,TEK-95776,11.99
INTERF,CMP-1339,INT-85940,34.09
TELEFL,CMP-1339,TEL-97994,25.76
VESTA,CMP-1339,VES-29208,9.94
SMITHS,CMP-1339,SMI-78193,4.85
RAUMED,CMP-1340,RAU-80407,15.04
PARKER,CMP-1340,PAR-44509,24.71
ZEUS,CMP-1340,ZEU-15397,24.19
MEDLIN,CMP-1341,MED-85039,21.40
POLYZE,CMP-1341,POL-91037,1.23
PUTNAM,CMP-1341,PUT-58499,13.86
LUBRIZ,CMP-1341,LUB-26959,28.46
TEKNIP,CMP-1342,TEK-68826,38.87
POLYZE,CMP-1342,POL-89723,3.36
APPLER,CMP-1342,APP-24004,3.31
QOSINA,CMP-1343,QOS-14615,27.47
MEDLIN,CMP-1343,MED-68922,11.91
VESTA,CMP-1344,VES-61094,5.85
MINNES,CMP-1344,MIN-89557,37.33
RAUMED,CMP-1344,RAU-43761,17.58
TELEFL,CMP-1344,TEL-58559,25.78
MICROL,CMP-1345,MIC-92920,13.24
PARKER,CMP-1345,PAR-88959,31.88
BBRAUN,CMP-1345,BBR-20969,21.15
SPECTR,CMP-1346,SPE-29180,15.58
PARKER,CMP-1346,PAR-75531,21.74
NEWAGE,CMP-1346,NEW-32411,24.27
PARKER,CMP-1347,PAR-24135,34.90
NORDSO,CMP-1347,NOR-49092,14.34
NIPRO,CMP-1348,NIP-96843,7.06
MINNES,CMP-1348,MIN-18490,18.99
PARKER,CMP-1348,PAR-14469,33.05
TRELLE,CMP-1348,TRE-43232,28.96
DUKEEX,CMP-1348,DUK-23563,13.49
CARDIN,CMP-1349,CAR-48067,8.53
DUKEEX,CMP-1350,DUK-70754,21.22
MICROL,CMP-1350,MIC-10847,1.89
RAUMED,CMP-1350,RAU-77274,36.51
SPECTR,CMP-1351,SPE-19893,31.80
LUBRIZ,CMP-1351,LUB-23670,6.89
MINNES,CMP-1352,MIN-23606,33.85
PARKER,CMP-1352,PAR-77005,1.71
INTERF,CMP-1353,INT-48777,8.51
MARIAN,CMP-1353,MAR-91703,26.25
AVANTO,CMP-1353,AVA-55320,1.79
NEWAGE,CMP-1354,NEW-74104,13.78
LUBRIZ,CMP-1354,LUB-51198,35.96
VENTIO,CMP-1354,VEN-92904,2.25
TELEFL,CMP-1354,TEL-99911,8.69
ZEUS,CMP-1355,ZEU-56599,9.96
BBRAUN,CMP-1355,BBR-30188,6.05
BOYDCO,CMP-1355,BOY-93391,8.00
PUTNAM,CMP-1356,PUT-10837,19.78
NEWAGE,CMP-1356,NEW-94946,32.62
POLYZE,CMP-1356,POL-84600,40.13
QOSINA,CMP-1356,QOS-26031,1.95
MARIAN,CMP-1356,MAR-16345,10.02
BOYDCO,CMP-1357,BOY-13282,32.77
POLYZE,CMP-1357,POL-56039,29.72
SMITHS,CMP-1358,SMI-30046,30.54
PARKER,CMP-1359,PAR-85674,30.03
BBRAUN,CMP-1360,BBR-88178,38.08
PARKER,CMP-1360,PAR-10180,29.50
MICROL,CMP-1361,MIC-81856,35.13
SPECTR,CMP-1361,SPE-72211,15.52
MEDLIN,CMP-1361,MED-11634,25.47
AVANTO,CMP-1361,AVA-21155,36.83
POLYZE,CMP-1361,POL-15132,4.15
MARIAN,CMP-1362,MAR-51217,9.45
SAINTG,CMP-1363,SAI-23984,9.84
CARDIN,CMP-1364,CAR-86902,9.43
NEWAGE,CMP-1364,NEW-97468,2.12
APPLER,CMP-1365,APP-66475,4.83
SAINTG,CMP-1365,SAI-68750,29.23
FREUDE,CMP-1365,FRE-89587,4.39
NORDSO,CMP-1366,NOR-41287,15.09
TEKNIP,CMP-1366,TEK-72749,1.40
MICROL,CMP-1366,MIC-84216,18.11
SAINTG,CMP-1366,SAI-20432,34.38
MEDLIN,CMP-1367,MED-82350,7.65
NEWAGE,CMP-1368,NEW-81525,10.36
TRELLE,CMP-1368,TRE-58470,11.45
VESTA,CMP-1368,VES-67939,10.66
AVANTO,CMP-1369,AVA-49976,32.06
ZEUS,CMP-1369,ZEU-34353,25.70
TELEFL,CMP-1369,TEL-22752,11.60
MINNES,CMP-1370,MIN-97107,22.10
BOYDCO,CMP-1370,BOY-54646,38.95
TELEFL,CMP-1371,TEL-13823,33.09
SPECTR,CMP-1371,SPE-29109,11.34
RAUMED,CMP-1371,RAU-22634,9.78
FREUDE,CMP-1371,FRE-84234,14.09
SMITHS,CMP-1372,SMI-40215,7.37
TRELLE,CMP-1372,TRE-85683,34.50
FREUDE,CMP-1372,FRE-60165,3.12
CARDIN,CMP-1372,CAR-59383,17.87
LUBRIZ,CMP-1373,LUB-50863,22.69
TEKNIP,CMP-1373,TEK-37474,5.75
BOYDCO,CMP-1373,BOY-78232,18.13
NIPRO,CMP-1374,NIP-29144,23.82
LUBRIZ,CMP-1374,LUB-45696,20.42
ZEUS,CMP-1374,ZEU-95098,27.03
ZEUS,CMP-1375,ZEU-34675,22.94
MARIAN,CMP-1375,MAR-93237,7.46
NIPRO,CMP-1375,NIP-86008,36.98
PUTNAM,CMP-1375,PUT-45675,22.46
MICROL,CMP-1375,MIC-79053,26.39
MINNES,CMP-1376,MIN-72497,3.75
ZEUS,CMP-1376,ZEU-67752,9.38
BOYDCO,CMP-1377,BOY-31627,4.23
NIPRO,CMP-1377,NIP-92427,22.27
PUTNAM,CMP-1377,PUT-51193,5.96
BOYDCO,CMP-1378,BOY-45450,34.17
DUKEEX,CMP-1378,DUK-94481,13.40
VESTA,CMP-1379,VES-25798,21.09
SAINTG,CMP-1379,SAI-35706,22.48
PUTNAM,CMP-1380,PUT-26426,6.66
NORDSO,CMP-1380,NOR-92283,33.87
VESTA,CMP-1380,VES-82151,18.75
PARKER,CMP-1380,PAR-46579,34.75
APPLER,CMP-1380,APP-11239,21.06
PUTNAM,CMP-1381,PUT-37884,32.20
PARKER,CMP-1381,PAR-53743,7.15
MINNES,CMP-1381,MIN-30719,35.05
FREUDE,CMP-1381,FRE-56980,3.68
NIPRO,CMP-1382,NIP-78499,16.07
BOYDCO,CMP-1382,BOY-92796,7.51
VENTIO,CMP-1382,VEN-47954,21.19
POLYZE,CMP-1383,POL-35622,16.25
SPECTR,CMP-1383,SPE-67949,22.59
SAINTG,CMP-1384,SAI-55390,24.34
AVANTO,CMP-1384,AVA-44629,20.21
MARIAN,CMP-1384,MAR-97282,18.94
POLYZE,CMP-1385,POL-20813,36.62
QOSINA,CMP-1385,QOS-21302,3.77
APPLER,CMP-1385,APP-34781,4.54
FREUDE,CMP-1386,FRE-48667,40.75
PUTNAM,CMP-1386,PUT-81104,5.69
TRELLE,CMP-1386,TRE-55824,19.00
MEDLIN,CMP-1386,MED-63497,35.81
NIPRO,CMP-1387,NIP-29096,31.11
AVANTO,CMP-1387,AVA-78814,34.02
VENTIO,CMP-1387,VEN-21683,6.61
SAINTG,CMP-1387,SAI-50928,14.81
VESTA,CMP-1388,VES-81429,25.67
NEWAGE,CMP-1388,NEW-72615,26.88
SAINTG,CMP-1388,SAI-87312,24.14
BBRAUN,CMP-1389,BBR-26243,9.64
MINNES,CMP-1389,MIN-71077,26.69
VENTIO,CMP-1390,VEN-30143,21.61
TEKNIP,CMP-1390,TEK-63569,20.90
NORDSO,CMP-1391,NOR-29857,20.43
SPECTR,CMP-1392,SPE-19646,1.84
BBRAUN,CMP-1392,BBR-65640,21.34
TRELLE,CMP-1392,TRE-77929,21.38
DUKEEX,CMP-1392,DUK-63510,35.48
PARKER,CMP-1393,PAR-25146,14.51
TEKNIP,CMP-1394,TEK-63460,2.63
BBRAUN,CMP-1395,BBR-15547,11.58
POLYZE,CMP-1395,POL-40231,21.08
LUBRIZ,CMP-1396,LUB-68724,34.12
TELEFL,CMP-1397,TEL-23444,40.01
NORDSO,CMP-1397,NOR-37595,8.77
MEDLIN,CMP-1397,MED-24032,37.58
BOYDCO,CMP-1397,BOY-80371,2.77
VESTA,CMP-1397,VES-79827,19.07
QOSINA,CMP-1398,QOS-12643,11.98
DUKEEX,CMP-1398,DUK-68553,37.33
AVANTO,CMP-1398,AVA-24276,1.29
INTERF,CMP-1398,INT-75694,27.31
TELEFL,CMP-1399,TEL-11133,27.59
PUTNAM,CMP-1399,PUT-91137,5.33
AVANTO,CMP-1400,AVA-17665,8.38
MICROL,CMP-1400,MIC-24259,7.36
APPLER,CMP-1400,APP-52241,30.11
QOSINA,CMP-1401,QOS-54540,13.91
INTERF,CMP-1402,INT-19760,6.43
FREUDE,CMP-1402,FRE-41149,4.31
MINNES,CMP-1403,MIN-93400,9.19
CARDIN,CMP-1403,CAR-16539,22.34
MARIAN,CMP-1403,MAR-64396,21.30
MEDLIN,CMP-1404,MED-45829,26.04
DUKEEX,CMP-1404,DUK-66068,19.29
NORDSO,CMP-1404,NOR-22112,38.91
TRELLE,CMP-1404,TRE-24225,14.07
ZEUS,CMP-1405,ZEU-14202,22.52
PARKER,CMP-1405,PAR-22471,34.53
SMITHS,CMP-1406,SMI-59096,13.36
FREUDE,CMP-1406,FRE-86933,20.22
POLYZE,CMP-1406,POL-20303,31.75
SPECTR,CMP-1407,SPE-65303,7.78
CARDIN,CMP-1407,CAR-58789,5.10
MICROL,CMP-1407,MIC-87036,27.07
MEDLIN,CMP-1407,MED-49725,36.41
RAUMED,CMP-1407,RAU-10078,1.37
MEDLIN,CMP-1408,MED-66439,13.15
SMITHS,CMP-1408,SMI-27190,6.50
PUTNAM,CMP-1408,PUT-64055,30.79
CARDIN,CMP-1408,CAR-26703,27.77
FREUDE,CMP-1409,FRE-87700,4.26
AVANTO,CMP-1409,AVA-42858,13.59
TELEFL,CMP-1409,TEL-76028,2.26
FREUDE,CMP-1410,FRE-24991,22.69
NEWAGE,CMP-1410,NEW-27894,7.61
SMITHS,CMP-1410,SMI-87219,3.44
NORDSO,CMP-1410,NOR-69748,38.21
POLYZE,CMP-1411,POL-21354,25.63
TRELLE,CMP-1411,TRE-68453,17.04
MEDLIN,CMP-1411,MED-65631,34.12
CARDIN,CMP-1412,CAR-10919,37.29
MARIAN,CMP-1412,MAR-68480,20.43
TEKNIP,CMP-1412,TEK-38604,27.05
NORDSO,CMP-1412,NOR-42711,36.66
MARIAN,CMP-1413,MAR-34665,22.45
BBRAUN,CMP-1414,BBR-23554,24.13
APPLER,CMP-1415,APP-61522,9.83
TRELLE,CMP-1415,TRE-24109,24.96
PARKER,CMP-1415,PAR-39156,31.88
MARIAN,CMP-1415,MAR-24926,29.39
RAUMED,CMP-1416,RAU-89991,36.67
BBRAUN,CMP-1416,BBR-19879,3.61
TEKNIP,CMP-1416,TEK-72381,36.56
PARKER,CMP-1416,PAR-74471,20.03
APPLER,CMP-1417,APP-77863,24.42
QOSINA,CMP-1417,QOS-51988,36.37
PARKER,CMP-1418,PAR-92411,29.99
BOYDCO,CMP-1418,BOY-52847,22.01
VESTA,CMP-1418,VES-55477,17.84
LUBRIZ,CMP-1418,LUB-93149,24.94
INTERF,CMP-1419,INT-21133,6.90
BBRAUN,CMP-1419,BBR-72889,34.95
MINNES,CMP-1420,MIN-10898,30.23
MICROL,CMP-1420,MIC-75902,18.56
MEDLIN,CMP-1421,MED-19210,34.47
ZEUS,CMP-1421,ZEU-72908,32.19
FREUDE,CMP-1422,FRE-28218,7.00
INTERF,CMP-1422,INT-78252,3.81
AVANTO,CMP-1423,AVA-87993,34.89
NIPRO,CMP-1423,NIP-13897,12.75
MARIAN,CMP-1423,MAR-41064,39.40
PARKER,CMP-1424,PAR-76070,32.16
AVANTO,CMP-1424,AVA-47667,2.32
TRELLE,CMP-1425,TRE-19856,15.15
MARIAN,CMP-1425,MAR-28035,39.07
FREUDE,CMP-1425,FRE-37109,18.29
DUKEEX,CMP-1426,DUK-66462,36.28
SMITHS,CMP-1426,SMI-74166,11.15
NEWAGE,CMP-1426,NEW-68533,24.27
TEKNIP,CMP-1426,TEK-39477,23.37
FREUDE,CMP-1426,FRE-59919,31.39
VESTA,CMP-1427,VES-78976,37.55
QOSINA,CMP-1427,QOS-92111,27.64
SAINTG,CMP-1427,SAI-28036,22.28
INTERF,CMP-1428,INT-57047,19.71
RAUMED,CMP-1428,RAU-68299,35.07
BBRAUN,CMP-1429,BBR-54554,13.86
LUBRIZ,CMP-1429,LUB-31327,18.80
SAINTG,CMP-1429,SAI-84927,34.81
TRELLE,CMP-1429,TRE-37879,20.08
NIPRO,CMP-1430,NIP-93028,40.84
LUBRIZ,CMP-1430,LUB-51514,9.67
PARKER,CMP-1430,PAR-13561,4.44
LUBRIZ,CMP-1431,LUB-17984,39.82
SPECTR,CMP-1431,SPE-12035,3.39
QOSINA,CMP-1431,QOS-52157,14.69
NORDSO,CMP-1431,NOR-42791,21.56
TRELLE,CMP-1432,TRE-77738,25.48
QOSINA,CMP-1432,QOS-51076,27.60
VESTA,CMP-1432,VES-98064,4.44
TELEFL,CMP-1432,TEL-61028,32.12
POLYZE,CMP-1433,POL-89884,17.41
BOYDCO,CMP-1433,BOY-76452,22.96
SPECTR,CMP-1434,SPE-79720,39.76
LUBRIZ,CMP-1434,LUB-88242,9.29
VENTIO,CMP-1434,VEN-86203,3.34
BOYDCO,CMP-1434,BOY-15211,28.44
AVANTO,CMP-1434,AVA-73637,11.29
DUKEEX,CMP-1435,DUK-98893,34.64
FREUDE,CMP-1436,FRE-51539,18.62
TELEFL,CMP-1436,TEL-62198,28.59
FREUDE,CMP-1437,FRE-52998,11.56
NIPRO,CMP-1437,NIP-85312,18.52
PARKER,CMP-1438,PAR-27502,32.07
TRELLE,CMP-1438,TRE-72373,32.71
SMITHS,CMP-1438,SMI-97941,36.57
BOYDCO,CMP-1438,BOY-52107,20.77
MARIAN,CMP-1439,MAR-35529,10.48
AVANTO,CMP-1439,AVA-11885,18.07
FREUDE,CMP-1440,FRE-19908,17.81
BOYDCO,CMP-1441,BOY-36864,4.77
NEWAGE,CMP-1441,NEW-11907,34.37
MINNES,CMP-1441,MIN-96448,35.25
MEDLIN,CMP-1441,MED-33174,31.26
TEKNIP,CMP-1441,TEK-67188,14.09
MINNES,CMP-1442,MIN-74464,31.59
SAINTG,CMP-1442,SAI-57265,22.66
RAUMED,CMP-1442,RAU-98618,31.54
CARDIN,CMP-1442,CAR-34299,18.16
FREUDE,CMP-1443,FRE-60105,2.34
NEWAGE,CMP-1443,NEW-75661,8.67
AVANTO,CMP-1443,AVA-30479,16.95
CARDIN,CMP-1444,CAR-22030,40.34
POLYZE,CMP-1444,POL-79753,13.83
INTERF,CMP-1444,INT-94132,19.33
BBRAUN,CMP-1445,BBR-54017,11.82
VESTA,CMP-1445,VES-24334,9.12
TELEFL,CMP-1445,TEL-84966,37.84
SAINTG,CMP-1445,SAI-14939,15.90
MINNES,CMP-1445,MIN-89099,39.77
FREUDE,CMP-1446,FRE-91110,22.71
AVANTO,CMP-1446,AVA-55274,36.22
DUKEEX,CMP-1446,DUK-39867,37.75
APPLER,CMP-1446,APP-21904,18.57
RAUMED,CMP-1447,RAU-85983,4.58
INTERF,CMP-1447,INT-91348,8.55
INTERF,CMP-1448,INT-18391,15.27
CARDIN,CMP-1448,CAR-81597,26.45
VESTA,CMP-1448,VES-67906,27.34
PUTNAM,CMP-1449,PUT-23685,8.59
AVANTO,CMP-1449,AVA-53683,8.09
BBRAUN,CMP-1449,BBR-15090,29.45
NIPRO,CMP-1449,NIP-96168,18.89
PARKER,CMP-1449,PAR-45442,4.66
SMITHS,CMP-1450,SMI-34505,6.18
ZEUS,CMP-1451,ZEU-42509,27.50
MICROL,CMP-1451,MIC-98305,10.77
TELEFL,CMP-1451,TEL-57277,29.52
BBRAUN,CMP-1451,BBR-67230,10.97
BOYDCO,CMP-1452,BOY-94898,36.63
PARKER,CMP-1452,PAR-93558,6.22
PUTNAM,CMP-1452,PUT-88137,4.69
QOSINA,CMP-1453,QOS-22767,35.28
LUBRIZ,CMP-1453,LUB-61345,37.73
DUKEEX,CMP-1454,DUK-84998,28.32
LUBRIZ,CMP-1454,LUB-14318,18.16
NIPRO,CMP-1454,NIP-24763,25.68
MINNES,CMP-1455,MIN-66689,19.24
TELEFL,CMP-1455,TEL-19908,22.82
MICROL,CMP-1456,MIC-10398,26.69
MARIAN,CMP-1456,MAR-27866,4.93
LUBRIZ,CMP-1456,LUB-19898,21.28
MARIAN,CMP-1457,MAR-49568,5.81
BOYDCO,CMP-1457,BOY-59847,13.83
POLYZE,CMP-1458,POL-61555,37.61
QOSINA,CMP-1458,QOS-86583,21.14
MEDLIN,CMP-1459,MED-50213,39.70
NEWAGE,CMP-1459,NEW-84713,6.47
ZEUS,CMP-1459,ZEU-34569,16.88
AVANTO,CMP-1459,AVA-75658,31.11
MICROL,CMP-1460,MIC-10584,34.50
PUTNAM,CMP-1460,PUT-12210,20.50
SPECTR,CMP-1460,SPE-96533,22.78
SAINTG,CMP-1461,SAI-58615,30.72
SMITHS,CMP-1461,SMI-39928,4.34
NORDSO,CMP-1461,NOR-73958,32.25
TELEFL,CMP-1461,TEL-33525,29.32
ZEUS,CMP-1462,ZEU-47681,16.78
AVANTO,CMP-1462,AVA-28334,40.15
MEDLIN,CMP-1462,MED-32446,39.92
APPLER,CMP-1463,APP-63267,38.96
NIPRO,CMP-1463,NIP-31841,34.57
TEKNIP,CMP-1463,TEK-50843,8.56
MICROL,CMP-1464,MIC-17614,6.39
NIPRO,CMP-1464,NIP-56983,2.91
FREUDE,CMP-1464,FRE-65320,4.83
SAINTG,CMP-1464,SAI-41468,10.67
VESTA,CMP-1465,VES-56489,10.12
MARIAN,CMP-1465,MAR-18146,35.42
SPECTR,CMP-1465,SPE-59916,16.00
APPLER,CMP-1465,APP-89242,18.55
BBRAUN,CMP-1465,BBR-51781,33.89
SAINTG,CMP-1466,SAI-77865,37.52
VENTIO,CMP-1466,VEN-20323,19.85
PUTNAM,CMP-1466,PUT-72506,2.68
LUBRIZ,CMP-1466,LUB-81333,12.69
TELEFL,CMP-1467,TEL-81360,8.74
PUTNAM,CMP-1467,PUT-58269,30.74
RAUMED,CMP-1468,RAU-79252,25.05
FREUDE,CMP-1468,FRE-58322,14.77
NIPRO,CMP-1468,NIP-27147,25.74
TEKNIP,CMP-1469,TEK-59485,23.09
APPLER,CMP-1470,APP-89101,31.49
ZEUS,CMP-1470,ZEU-32260,40.44
SMITHS,CMP-1470,SMI-96655,35.97
NIPRO,CMP-1471,NIP-56117,28.10
VESTA,CMP-1471,VES-70081,30.54
INTERF,CMP-1471,INT-44935,18.59
QOSINA,CMP-1471,QOS-38073,23.86
NORDSO,CMP-1471,NOR-46430,20.42
SAINTG,CMP-1472,SAI-13640,34.66
TEKNIP,CMP-1472,TEK-24117,31.76
NEWAGE,CMP-1472,NEW-47847,26.04
INTERF,CMP-1472,INT-55272,11.08
FREUDE,CMP-1473,FRE-87557,19.62
ZEUS,CMP-1473,ZEU-18946,6.88
MINNES,CMP-1473,MIN-41335,40.71
RAUMED,CMP-1473,RAU-61496,17.50
SAINTG,CMP-1474,SAI-32777,25.24
BBRAUN,CMP-1474,BBR-76145,14.16
SPECTR,CMP-1474,SPE-60623,30.98
SAINTG,CMP-1475,SAI-48204,19.23
MICROL,CMP-1475,MIC-61317,15.72
DUKEEX,CMP-1475,DUK-25426,19.02
ZEUS,CMP-1475,ZEU-12564,6.30
LUBRIZ,CMP-1476,LUB-43973,28.91
PARKER,CMP-1476,PAR-48897,11.10
MEDLIN,CMP-1476,MED-80877,14.71
NEWAGE,CMP-1476,NEW-96560,29.83
INTERF,CMP-1476,INT-30845,1.86
AVANTO,CMP-1477,AVA-95270,4.49
VESTA,CMP-1477,VES-82407,25.18
ZEUS,CMP-1477,ZEU-78939,3.62
SMITHS,CMP-1478,SMI-12379,6.53
AVANTO,CMP-1479,AVA-28120,26.45
BOYDCO,CMP-1480,BOY-24120,20.24
DUKEEX,CMP-1481,DUK-39215,23.15
BOYDCO,CMP-1481,BOY-20691,35.09
FREUDE,CMP-1482,FRE-90366,39.94
INTERF,CMP-1482,INT-29917,31.59
NEWAGE,CMP-1482,NEW-81726,27.17
NIPRO,CMP-1482,NIP-24178,17.81
TEKNIP,CMP-1482,TEK-33983,25.30
SMITHS,CMP-1483,SMI-12218,33.62
TRELLE,CMP-1483,TRE-61305,28.62
CARDIN,CMP-1483,CAR-58086,35.22
AVANTO,CMP-1484,AVA-79483,12.41
BOYDCO,CMP-1484,BOY-36675,24.47
BBRAUN,CMP-1484,BBR-85923,20.09
ZEUS,CMP-1484,ZEU-34062,36.21
MINNES,CMP-1484,MIN-86323,31.45
MICROL,CMP-1485,MIC-33570,13.55
QOSINA,CMP-1485,QOS-11401,33.61
NORDSO,CMP-1485,NOR-66645,29.05
CARDIN,CMP-1485,CAR-40622,4.78
MINNES,CMP-1486,MIN-19198,33.47
NIPRO,CMP-1487,NIP-61460,28.93
AVANTO,CMP-1487,AVA-18373,38.66
DUKEEX,CMP-1487,DUK-54639,23.10
SMITHS,CMP-1488,SMI-73978,35.96
DUKEEX,CMP-1488,DUK-58435,18.68
APPLER,CMP-1488,APP-11200,22.63
BOYDCO,CMP-1489,BOY-96112,20.52
SAINTG,CMP-1489,SAI-25806,10.79
VENTIO,CMP-1489,VEN-68267,30.61
SMITHS,CMP-1489,SMI-86065,27.00
PARKER,CMP-1490,PAR-41490,37.70
SMITHS,CMP-1491,SMI-85939,12.38
TEKNIP,CMP-1491,TEK-67610,18.40
PARKER,CMP-1491,PAR-78673,17.58
FREUDE,CMP-1491,FRE-57389,32.12
MARIAN,CMP-1491,MAR-94462,35.54
TRELLE,CMP-1492,TRE-48009,6.63
APPLER,CMP-1492,APP-81536,21.60
SAINTG,CMP-1493,SAI-13281,19.53
SPECTR,CMP-1493,SPE-46397,28.71
PARKER,CMP-1493,PAR-34555,12.63
QOSINA,CMP-1493,QOS-85974,27.52
NORDSO,CMP-1494,NOR-68399,36.65
TRELLE,CMP-1494,TRE-60755,39.39
BBRAUN,CMP-1494,BBR-45968,29.25
INTERF,CMP-1495,INT-28324,17.90
MEDLIN,CMP-1496,MED-93946,7.85
NEWAGE,CMP-1497,NEW-47069,25.19
LUBRIZ,CMP-1498,LUB-62005,15.98
BBRAUN,CMP-1498,BBR-22923,26.98
NEWAGE,CMP-1498,NEW-33840,9.00
SPECTR,CMP-1498,SPE-32462,2.99
SMITHS,CMP-1498,SMI-15988,6.27
SAINTG,CMP-1499,SAI-94261,40.21
SMITHS,CMP-1499,SMI-71273,4.41
TRELLE,CMP-1499,TRE-63517,1.54
NIPRO,CMP-1500,NIP-22699,30.15
POLYZE,CMP-1500,POL-97946,34.27
INTERF,CMP-1500,INT-94103,17.63
APPLER,CMP-1501,APP-28947,26.17
BOYDCO,CMP-1502,BOY-14651,21.43
CARDIN,CMP-1502,CAR-59693,34.43
ZEUS,CMP-1503,ZEU-99909,36.25
TELEFL,CMP-1503,TEL-35294,18.51
FREUDE,CMP-1503,FRE-47519,8.20
TRELLE,CMP-1503,TRE-43274,3.09
NORDSO,CMP-1504,NOR-67293,17.92
MEDLIN,CMP-1505,MED-97345,11.55
FREUDE,CMP-1506,FRE-15343,14.21
AVANTO,CMP-1506,AVA-67209,21.11
VESTA,CMP-1506,VES-92505,40.14
INTERF,CMP-1507,INT-83587,38.21
TELEFL,CMP-1507,TEL-10716,7.80
VESTA,CMP-1507,VES-93948,17.90
SPECTR,CMP-1507,SPE-90226,26.16
TELEFL,CMP-1508,TEL-30893,19.06
NIPRO,CMP-1508,NIP-69899,28.74
PARKER,CMP-1508,PAR-12326,16.66
INTERF,CMP-1509,INT-37513,32.80
SAINTG,CMP-1509,SAI-20372,14.86
NEWAGE,CMP-1509,NEW-66207,8.91
BOYDCO,CMP-1509,BOY-49917,17.76
MICROL,CMP-1510,MIC-69764,18.67
SAINTG,CMP-1510,SAI-99619,12.01
TRELLE,CMP-1511,TRE-86022,13.66
MEDLIN,CMP-1511,MED-99407,22.46
PARKER,CMP-1511,PAR-19061,37.67
TELEFL,CMP-1511,TEL-65247,5.89
INTERF,CMP-1511,INT-71849,35.92
BBRAUN,CMP-1512,BBR-32743,39.36
INTERF,CMP-1512,INT-16576,5.20
NIPRO,CMP-1513,NIP-53815,35.89
VENTIO,CMP-1513,VEN-34781,9.81
BOYDCO,CMP-1513,BOY-54950,17.29
NORDSO,CMP-1513,NOR-61186,40.50
TEKNIP,CMP-1513,TEK-28173,35.93
LUBRIZ,CMP-1514,LUB-70513,31.18
PARKER,CMP-1514,PAR-27089,3.88
TRELLE,CMP-1514,TRE-23003,27.92
PUTNAM,CMP-1514,PUT-53465,6.94
INTERF,CMP-1515,INT-78108,31.62
QOSINA,CMP-1515,QOS-86204,30.25
DUKEEX,CMP-1516,DUK-42806,24.78
PUTNAM,CMP-1516,PUT-38809,23.74
FREUDE,CMP-1517,FRE-82188,15.09
NORDSO,CMP-1517,NOR-71006,7.24
SMITHS,CMP-1517,SMI-63813,29.94
MICROL,CMP-1517,MIC-39151,2.03
MINNES,CMP-1517,MIN-35263,6.81
NIPRO,CMP-1518,NIP-15463,24.13
NEWAGE,CMP-1518,NEW-71575,37.45
TELEFL,CMP-1519,TEL-53169,25.04
CARDIN,CMP-1520,CAR-29428,18.98
BOYDCO,CMP-1520,BOY-84058,17.76
NORDSO,CMP-1520,NOR-30509,28.63
PUTNAM,CMP-1520,PUT-82178,14.28
AVANTO,CMP-1521,AVA-67770,2.01
INTERF,CMP-1521,INT-85945,1.67
BBRAUN,CMP-1521,BBR-42259,38.87
VENTIO,CMP-1521,VEN-21332,33.63
CARDIN,CMP-1521,CAR-16068,1.15
SAINTG,CMP-1522,SAI-69694,15.68
LUBRIZ,CMP-1522,LUB-53199,17.78
TEKNIP,CMP-1523,TEK-60816,12.26
NORDSO,CMP-1523,NOR-63140,36.01
TELEFL,CMP-1523,TEL-48028,15.32
APPLER,CMP-1523,APP-80280,40.42
CARDIN,CMP-1524,CAR-11645,11.51
VENTIO,CMP-1524,VEN-61112,14.19
RAUMED,CMP-1524,RAU-28439,17.60
SMITHS,CMP-1525,SMI-24448,29.75
BOYDCO,CMP-1525,BOY-99573,38.12
TEKNIP,CMP-1525,TEK-42824,25.68
ZEUS,CMP-1526,ZEU-61493,34.75
NORDSO,CMP-1526,NOR-62609,19.55
NIPRO,CMP-1526,NIP-40593,29.19
AVANTO,CMP-1526,AVA-14682,15.88
MICROL,CMP-1527,MIC-77855,12.10
NORDSO,CMP-1527,NOR-87260,16.77
NEWAGE,CMP-1527,NEW-99677,26.79
POLYZE,CMP-1528,POL-85567,37.59
SAINTG,CMP-1528,SAI-67083,37.09
NORDSO,CMP-1528,NOR-93666,13.07
NIPRO,CMP-1528,NIP-42758,1.66
CARDIN,CMP-1528,CAR-57718,38.14
RAUMED,CMP-1529,RAU-63328,28.63
SPECTR,CMP-1529,SPE-96499,8.62
BOYDCO,CMP-1530,BOY-55378,14.38
APPLER,CMP-1531,APP-46185,32.22
FREUDE,CMP-1532,FRE-65882,39.11
CARDIN,CMP-1532,CAR-14294,23.08
SAINTG,CMP-1533,SAI-33019,36.93
ZEUS,CMP-1533,ZEU-95824,5.71
AVANTO,CMP-1534,AVA-65969,11.95
PUTNAM,CMP-1534,PUT-84750,7.33
SPECTR,CMP-1534,SPE-27320,31.94
VENTIO,CMP-1534,VEN-64007,2.96
PARKER,CMP-1534,PAR-12354,17.27
MICROL,CMP-1535,MIC-67364,28.84
TELEFL,CMP-1535,TEL-79473,31.05
INTERF,CMP-1535,INT-82922,33.52
FREUDE,CMP-1536,FRE-67365,38.37
RAUMED,CMP-1536,RAU-44228,25.67
TELEFL,CMP-1536,TEL-78937,1.26
QOSINA,CMP-1536,QOS-21742,9.00
VESTA,CMP-1537,VES-95369,14.68
BOYDCO,CMP-1537,BOY-41852,25.50
QOSINA,CMP-1538,QOS-20553,24.03
INTERF,CMP-1538,INT-40816,33.25
NIPRO,CMP-1538,NIP-66910,1.03
CARDIN,CMP-1539,CAR-15339,2.69
MINNES,CMP-1539,MIN-41191,22.15
TRELLE,CMP-1539,TRE-54822,5.78
BBRAUN,CMP-1539,BBR-31926,40.84
NIPRO,CMP-1540,NIP-49534,4.56
FREUDE,CMP-1540,FRE-58595,20.14
MINNES,CMP-1540,MIN-85826,40.21
MICROL,CMP-1540,MIC-11028,24.12
SPECTR,CMP-1541,SPE-58799,27.46
MINNES,CMP-1541,MIN-65026,27.95
FREUDE,CMP-1541,FRE-86187,2.96
NORDSO,CMP-1541,NOR-63811,32.76
TELEFL,CMP-1541,TEL-24267,18.17
MINNES,CMP-1542,MIN-58866,14.84
SMITHS,CMP-1542,SMI-87548,38.63
VENTIO,CMP-1542,VEN-93973,33.79
TRELLE,CMP-1543,TRE-54434,10.06
NEWAGE,CMP-1544,NEW-68083,28.28
MEDLIN,CMP-1544,MED-48434,14.33
TRELLE,CMP-1544,TRE-53824,16.58
LUBRIZ,CMP-1544,LUB-31841,7.83
APPLER,CMP-1544,APP-95883,22.12
POLYZE,CMP-1545,POL-74364,8.87
NEWAGE,CMP-1545,NEW-39510,24.56
BBRAUN,CMP-1545,BBR-17920,4.56
TRELLE,CMP-1545,TRE-49096,3.82
MINNES,CMP-1546,MIN-67211,13.63
INTERF,CMP-1546,INT-32353,33.08
PARKER,CMP-1546,PAR-32664,24.89
SMITHS,CMP-1546,SMI-60313,31.55
BOYDCO,CMP-1546,BOY-40378,26.50
PARKER,CMP-1547,PAR-35702,14.91
DUKEEX,CMP-1547,DUK-97580,25.22
SAINTG,CMP-1547,SAI-13558,1.92
RAUMED,CMP-1548,RAU-76843,40.37
BOYDCO,CMP-1548,BOY-37590,10.66
APPLER,CMP-1548,APP-88647,15.14
SAINTG,CMP-1549,SAI-95751,7.23
MARIAN,CMP-1550,MAR-28690,25.74
MINNES,CMP-1550,MIN-54954,34.25
SPECTR,CMP-1550,SPE-51300,6.58
POLYZE,CMP-1550,POL-26673,11.43
TRELLE,CMP-1551,TRE-38668,27.80
QOSINA,CMP-1551,QOS-11577,10.49
MICROL,CMP-1552,MIC-12757,9.40
MARIAN,CMP-1552,MAR-62508,14.13
NORDSO,CMP-1552,NOR-51239,15.73
AVANTO,CMP-1552,AVA-47976,20.52
SPECTR,CMP-1553,SPE-31475,31.11
MEDLIN,CMP-1553,MED-39484,8.61
VESTA,CMP-1553,VES-10296,18.40
LUBRIZ,CMP-1553,LUB-94632,35.62
MEDLIN,CMP-1554,MED-52498,32.42
PUTNAM,CMP-1554,PUT-80914,31.95
NEWAGE,CMP-1555,NEW-61492,27.16
SMITHS,CMP-1555,SMI-22658,5.45
SPECTR,CMP-1555,SPE-19698,29.90
PARKER,CMP-1556,PAR-84845,6.23
SAINTG,CMP-1556,SAI-80101,40.56
TEKNIP,CMP-1556,TEK-52427,39.74
MICROL,CMP-1556,MIC-61284,37.59
RAUMED,CMP-1557,RAU-11021,21.77
ZEUS,CMP-1557,ZEU-30271,34.53
INTERF,CMP-1557,INT-20747,18.70
MEDLIN,CMP-1557,MED-86420,30.11
MARIAN,CMP-1557,MAR-52112,16.47
INTERF,CMP-1558,INT-20352,31.78
APPLER,CMP-1558,APP-26622,30.89
TEKNIP,CMP-1559,TEK-21220,40.28
MEDLIN,CMP-1560,MED-69964,13.12
POLYZE,CMP-1561,POL-46958,5.13
RAUMED,CMP-1562,RAU-14541,14.74
BOYDCO,CMP-1562,BOY-48508,25.25
PUTNAM,CMP-1562,PUT-91318,26.37
FREUDE,CMP-1563,FRE-73731,34.48
VENTIO,CMP-1563,VEN-65580,17.97
PUTNAM,CMP-1563,PUT-52773,25.14
BBRAUN,CMP-1563,BBR-28247,6.38
BOYDCO,CMP-1563,BOY-72935,4.96
MICROL,CMP-1564,MIC-33281,33.80
INTERF,CMP-1564,INT-20092,35.88
BBRAUN,CMP-1564,BBR-79414,11.64
NEWAGE,CMP-1564,NEW-55574,24.51
CARDIN,CMP-1565,CAR-36162,18.07
VESTA,CMP-1566,VES-59716,8.75
PUTNAM,CMP-1566,PUT-12372,21.05
INTERF,CMP-1566,INT-65948,29.94
ZEUS,CMP-1567,ZEU-34051,27.76
CARDIN,CMP-1567,CAR-54559,27.20
PARKER,CMP-1567,PAR-74109,25.87
SMITHS,CMP-1567,SMI-39150,17.46
RAUMED,CMP-1568,RAU-41105,34.75
APPLER,CMP-1568,APP-69362,10.25
DUKEEX,CMP-1568,DUK-37613,22.26
SMITHS,CMP-1568,SMI-97997,22.72
TELEFL,CMP-1568,TEL-17884,39.43
RAUMED,CMP-1569,RAU-67560,5.59
NEWAGE,CMP-1569,NEW-32460,23.94
ZEUS,CMP-1569,ZEU-49988,23.25
INTERF,CMP-1569,INT-67899,1.95
VESTA,CMP-1570,VES-30329,21.48
APPLER,CMP-1570,APP-98178,3.54
ZEUS,CMP-1570,ZEU-33958,3.88
NIPRO,CMP-1571,NIP-45846,6.35
TELEFL,CMP-1571,TEL-84989,17.71
NORDSO,CMP-1571,NOR-82829,14.04
RAUMED,CMP-1571,RAU-51654,35.01
DUKEEX,CMP-1572,DUK-59147,18.60
BBRAUN,CMP-1573,BBR-94673,4.50
QOSINA,CMP-1574,QOS-49220,27.91
FREUDE,CMP-1574,FRE-75365,2.18
SPECTR,CMP-1574,SPE-80538,40.38
LUBRIZ,CMP-1575,LUB-84183,35.41
BOYDCO,CMP-1575,BOY-15337,8.03
VENTIO,CMP-1575,VEN-80168,21.44
CARDIN,CMP-1575,CAR-81423,17.94
MICROL,CMP-1575,MIC-63680,19.99
APPLER,CMP-1576,APP-41176,21.83
SMITHS,CMP-1576,SMI-58554,29.49
BOYDCO,CMP-1576,BOY-82477,28.40
TEKNIP,CMP-1576,TEK-84886,6.33
TELEFL,CMP-1577,TEL-10849,18.92
TEKNIP,CMP-1577,TEK-76635,28.26
MICROL,CMP-1577,MIC-94214,25.22
BOYDCO,CMP-1577,BOY-93246,12.75
DUKEEX,CMP-1577,DUK-71059,22.10
TEKNIP,CMP-1578,TEK-84391,19.34
ZEUS,CMP-1578,ZEU-26644,23.26
TRELLE,CMP-1578,TRE-27231,9.02
QOSINA,CMP-1578,QOS-25760,21.78
TEKNIP,CMP-1579,TEK-45161,36.08
SMITHS,CMP-1580,SMI-94377,29.84
VENTIO,CMP-1580,VEN-63459,10.20
CARDIN,CMP-1580,CAR-81490,32.60
TEKNIP,CMP-1581,TEK-14368,9.46
NEWAGE,CMP-1581,NEW-55073,28.65
VESTA,CMP-1582,VES-33834,5.99
TELEFL,CMP-1582,TEL-89274,19.93
ZEUS,CMP-1582,ZEU-71747,34.70
NORDSO,CMP-1582,NOR-79013,29.20
QOSINA,CMP-1582,QOS-99073,19.29
TRELLE,CMP-1583,TRE-71636,27.84
APPLER,CMP-1584,APP-59079,22.20
DUKEEX,CMP-1584,DUK-64206,11.52
MARIAN,CMP-1584,MAR-64913,9.97
DUKEEX,CMP-1585,DUK-66046,28.65
MINNES,CMP-1586,MIN-77456,36.60
BOYDCO,CMP-1587,BOY-39104,37.15
MINNES,CMP-1587,MIN-22689,12.20
POLYZE,CMP-1587,POL-50127,28.82
TELEFL,CMP-1587,TEL-53450,26.63
FREUDE,CMP-1588,FRE-80301,32.18
ZEUS,CMP-1588,ZEU-36175,13.31
POLYZE,CMP-1588,POL-12064,1.94
SPECTR,CMP-1589,SPE-93381,36.66
FREUDE,CMP-1589,FRE-51444,32.45
RAUMED,CMP-1589,RAU-40340,27.75
BBRAUN,CMP-1590,BBR-52101,39.05
VENTIO,CMP-1590,VEN-20418,36.11
NEWAGE,CMP-1590,NEW-68604,12.94
APPLER,CMP-1591,APP-88631,21.50
MICROL,CMP-1591,MIC-49046,3.06
POLYZE,CMP-1591,POL-17660,22.70
LUBRIZ,CMP-1592,LUB-25664,24.79
NEWAGE,CMP-1592,NEW-81103,24.41
AVANTO,CMP-1592,AVA-18310,38.60
INTERF,CMP-1593,INT-34941,5.39
TRELLE,CMP-1594,TRE-63551,34.57
PUTNAM,CMP-1595,PUT-26543,6.79
VENTIO,CMP-1595,VEN-45578,25.97
QOSINA,CMP-1595,QOS-69675,5.82
ZEUS,CMP-1595,ZEU-89396,37.11
NORDSO,CMP-1595,NOR-32311,33.28
INTERF,CMP-1596,INT-20107,14.69
BBRAUN,CMP-1596,BBR-91171,15.63
SAINTG,CMP-1597,SAI-74106,28.09
RAUMED,CMP-1597,RAU-97018,24.70
NEWAGE,CMP-1597,NEW-14815,21.37
AVANTO,CMP-1597,AVA-27316,25.76
MEDLIN,CMP-1598,MED-70253,6.73
FREUDE,CMP-1599,FRE-44774,36.63
PUTNAM,CMP-1599,PUT-90416,26.86
TEKNIP,CMP-1599,TEK-88180,34.16
TRELLE,CMP-1599,TRE-29329,12.51
MEDLIN,CMP-1599,MED-35024,11.74
MINNES,CMP-1600,MIN-70456,38.70
NORDSO,CMP-1600,NOR-89888,4.28
NEWAGE,CMP-1600,NEW-12624,21.44
NEWAGE,CMP-1601,NEW-55627,8.44
BOYDCO,CMP-1601,BOY-17017,16.40
ZEUS,CMP-1601,ZEU-59313,11.86
DUKEEX,CMP-1601,DUK-67762,39.08
FREUDE,CMP-1601,FRE-20524,13.36
TRELLE,CMP-1602,TRE-64831,24.25
BBRAUN,CMP-1602,BBR-23188,4.41
FREUDE,CMP-1602,FRE-93660,4.90
APPLER,CMP-1602,APP-49918,4.41
BOYDCO,CMP-1602,BOY-24937,6.54
ZEUS,CMP-1603,ZEU-79398,5.71
MARIAN,CMP-1604,MAR-94777,9.97
NIPRO,CMP-1604,NIP-77743,34.32
FREUDE,CMP-1604,FRE-69895,23.47
DUKEEX,CMP-1604,DUK-31937,25.03
CARDIN,CMP-1605,CAR-21336,7.93
VENTIO,CMP-1606,VEN-57483,15.36
NEWAGE,CMP-1606,NEW-85608,16.72
APPLER,CMP-1606,APP-45598,29.89
SMITHS,CMP-1607,SMI-94956,26.20
BBRAUN,CMP-1607,BBR-12230,39.11
INTERF,CMP-1607,INT-79206,4.66
BBRAUN,CMP-1608,BBR-64440,11.79
VENTIO,CMP-1608,VEN-69662,37.71
INTERF,CMP-1609,INT-25388,34.35
VENTIO,CMP-1609,VEN-38036,33.33
VESTA,CMP-1609,VES-89249,27.95
ZEUS,CMP-1610,ZEU-30724,39.83
FREUDE,CMP-1610,FRE-64434,38.82
MEDLIN,CMP-1611,MED-47438,5.97
CARDIN,CMP-1611,CAR-97629,16.96
NORDSO,CMP-1612,NOR-65732,7.17
LUBRIZ,CMP-1612,LUB-65692,13.26
QOSINA,CMP-1612,QOS-45411,21.43
MARIAN,CMP-1612,MAR-89136,16.11
MICROL,CMP-1613,MIC-72834,3.48
NEWAGE,CMP-1614,NEW-12363,30.58
TELEFL,CMP-1614,TEL-38278,31.69
APPLER,CMP-1615,APP-39382,11.16
VESTA,CMP-1616,VES-53468,28.31
RAUMED,CMP-1616,RAU-96234,15.52
MINNES,CMP-1616,MIN-69105,25.86
SAINTG,CMP-1616,SAI-74499,18.33
LUBRIZ,CMP-1617,LUB-29876,38.04
VENTIO,CMP-1617,VEN-43779,14.50
PARKER,CMP-1617,PAR-46640,24.96
BBRAUN,CMP-1617,BBR-87723,38.55
MICROL,CMP-1618,MIC-86200,27.39
DUKEEX,CMP-1618,DUK-12544,36.49
SPECTR,CMP-1618,SPE-56862,38.93
NORDSO,CMP-1618,NOR-19393,9.38
MARIAN,CMP-1619,MAR-49976,39.30
